date,fixed_total,bnh_total,eq_total
2021-03-31,50000.0,50000.0,50000.0
2021-04-01,50871.69,50871.69,51130.01
2021-04-05,52176.69,52177.78,52361.57
2021-04-06,52113.8,52112.92,52188.15
2021-04-07,52677.39,52675.12,52780.49
2021-04-08,53537.71,53533.82,53357.92
2021-04-09,54356.54,54349.84,53919.58
2021-04-12,53998.87,53995.98,54261.59
2021-04-13,54929.32,54922.43,55063.0
2021-04-14,54128.65,54123.73,54345.7
2021-04-15,55049.81,55043.86,55679.88
2021-04-16,55109.65,55105.76,55559.21
2021-04-19,55040.34,55032.85,55099.71
2021-04-20,54632.22,54627.89,54666.18
2021-04-21,54956.36,54953.7,55033.49
2021-04-22,54275.86,54272.84,54157.77
2021-04-23,55185.76,55181.97,55174.97
2021-04-26,55310.46,55306.26,55454.51
2021-04-27,55286.29,55283.25,55279.05
2021-04-28,54341.09,54331.75,55146.75
2021-04-29,54105.24,54093.91,55318.17
2021-04-30,53652.88,53645.49,54642.64
2021-05-03,53842.63,53832.6,54560.26
2021-05-04,52445.59,52441.15,53399.11
2021-05-05,52358.75,52352.35,53485.71
2021-05-06,53040.06,53033.69,53999.81
2021-05-07,53469.51,53464.61,54536.53
2021-05-10,52219.33,52215.89,53230.38
2021-05-11,51924.91,51922.45,52944.06
2021-05-12,50515.65,50512.07,51409.05
2021-05-13,51394.34,51390.43,51953.0
2021-05-14,52445.43,52441.76,53204.54
2021-05-17,51889.28,51884.92,52948.1
2021-05-18,51374.73,51371.13,52411.83
2021-05-19,51404.7,51402.09,52478.2
2021-05-20,52300.89,52296.33,53528.9
2021-05-21,51773.65,51771.68,53532.42
2021-05-24,52709.73,52710.28,54803.67
2021-05-25,52767.2,52769.19,54839.42
2021-05-26,52732.64,52734.49,54970.18
2021-05-27,52178.09,52180.92,54510.01
2021-05-28,52078.22,52082.89,55028.19
2021-06-01,51770.02,51772.92,55027.82
2021-06-02,51921.07,51922.2,55437.72
2021-06-03,51438.94,51441.59,55238.01
2021-06-04,52460.14,52463.27,56422.17
2021-06-07,52779.91,52786.29,56613.89
2021-06-08,52823.47,52826.73,56492.26
2021-06-09,53011.56,53015.08,56526.76
2021-06-10,53184.23,53193.89,56829.58
2021-06-11,53509.48,53517.2,57252.59
2021-06-14,54368.24,54371.45,57853.97
2021-06-15,54033.29,54036.62,57428.33
2021-06-16,54035.83,54037.02,57322.26
2021-06-17,54745.85,54747.35,58331.7
2021-06-18,54315.7,54318.45,57844.34
2021-06-21,55033.5,55035.79,58288.15
2021-06-22,55684.46,55686.29,58999.85
2021-06-23,55601.22,55603.38,59061.81
2021-06-24,55690.52,55694.84,59308.94
2021-06-25,55452.71,55455.86,59121.63
2021-06-28,56187.86,56191.46,60155.17
2021-06-29,56790.87,56794.07,60407.77
2021-06-30,56868.79,56870.1,60411.38
2021-07-01,57006.63,57008.04,60717.96
2021-07-02,58064.36,58202.52,61757.88
2021-07-06,58656.43,58625.91,62156.15
2021-07-07,59040.14,59389.95,62283.18
2021-07-08,58281.93,58850.52,61487.7
2021-07-09,58809.09,59289.17,61936.14
2021-07-12,59011.22,59098.22,62386.91
2021-07-13,59217.66,59720.91,62437.06
2021-07-14,59702.37,60603.11,62587.13
2021-07-15,58815.19,60308.46,61656.23
2021-07-16,57744.13,59850.23,60779.82
2021-07-19,57228.5,58644.99,60368.18
2021-07-20,57976.07,59649.05,60956.47
2021-07-21,58536.92,59716.34,61799.59
2021-07-22,59194.35,60507.13,62361.43
2021-07-23,59698.86,61243.15,63187.68
2021-07-26,59554.29,61265.39,63125.01
2021-07-27,58907.99,60543.5,62513.89
2021-07-28,58749.72,60142.52,62976.69
2021-07-29,59023.18,60307.57,63177.24
2021-07-30,58867.38,60183.69,62849.46
2021-08-02,58986.99,60104.43,62994.96
2021-08-03,59528.18,60726.09,63457.64
2021-08-04,59769.8,60577.22,63638.19
2021-08-05,60216.2,60919.66,64226.73
2021-08-06,59857.86,60769.57,63932.36
2021-08-09,59739.01,60639.2,63931.78
2021-08-10,59269.61,60337.73,63545.84
2021-08-11,59164.19,60445.31,63387.92
2021-08-12,60089.14,61371.4,64035.11
2021-08-13,60495.82,61737.6,64465.89
2021-08-16,60814.27,62338.34,64610.86
2021-08-17,60167.83,61985.85,63867.22
2021-08-18,58962.72,61008.87,62922.61
2021-08-19,59906.86,61721.84,63815.4
2021-08-20,61365.0,62835.97,65282.11
2021-08-23,62579.57,63178.95,66627.06
2021-08-24,62336.83,62944.3,66545.83
2021-08-25,62371.28,62620.64,66834.15
2021-08-26,61950.07,62141.34,66404.79
2021-08-27,62640.39,62426.08,67293.88
2021-08-30,63804.01,63766.22,67975.9
2021-08-31,63223.04,63319.27,67566.44
2021-09-01,63405.47,63453.56,67718.44
2021-09-02,63575.45,63615.22,67597.56
2021-09-03,64056.51,63747.62,68026.62
2021-09-07,64367.78,64136.11,68057.82
2021-09-08,63790.36,63814.89,67616.17
2021-09-09,63308.31,63286.17,67219.87
2021-09-10,62407.99,62075.04,66612.97
2021-09-13,62336.66,62330.43,66640.89
2021-09-14,62241.69,62334.97,66669.71
2021-09-15,62745.98,63057.44,67309.59
2021-09-16,62638.31,63050.75,67135.28
2021-09-17,61552.09,61920.52,66044.12
2021-09-20,60029.53,60686.81,64572.16
2021-09-21,60258.18,60840.66,64753.37
2021-09-22,61479.06,61740.05,65862.68
2021-09-23,62148.5,62045.63,66615.9
2021-09-24,61846.55,62041.74,66429.22
2021-09-27,60952.56,61171.91,65622.68
2021-09-28,58983.76,59327.43,63429.81
2021-09-29,59056.8,59567.45,63264.78
2021-09-30,58835.85,59072.87,63015.55
2021-10-01,59435.37,60073.56,63842.83
2021-10-04,57776.13,58715.04,62120.65
2021-10-05,59037.67,59721.15,63404.4
2021-10-06,59744.98,60367.1,64044.64
2021-10-07,60309.72,60817.24,64762.2
2021-10-08,60111.42,60737.17,64581.33
2021-10-11,59952.11,60652.67,64280.59
2021-10-12,59645.66,60242.0,63832.14
2021-10-13,60095.27,60484.05,64279.29
2021-10-14,61596.37,61754.97,65924.45
2021-10-15,61945.78,62132.18,66268.9
2021-10-18,62688.23,62811.25,66980.59
2021-10-19,63086.92,63365.11,67385.22
2021-10-20,62944.47,63380.44,67153.8
2021-10-21,63682.8,63782.35,67797.31
2021-10-22,63446.78,63449.75,67258.95
2021-10-25,63610.06,63329.82,67590.88
2021-10-26,64862.82,63680.28,69084.39
2021-10-27,65983.85,64974.45,70021.37
2021-10-28,66848.31,65863.9,70819.88
2021-10-29,67661.54,66069.3,71607.86
2021-11-01,67494.1,65657.24,71216.86
2021-11-02,68363.86,66275.27,72129.18
2021-11-03,68749.05,66669.72,72619.24
2021-11-04,70939.5,66820.73,75297.68
2021-11-05,70933.33,66891.29,75387.0
2021-11-08,71587.63,66817.6,76173.48
2021-11-09,71432.37,66782.94,75999.17
2021-11-10,69814.31,65640.31,74255.44
2021-11-11,70557.86,65803.6,75010.0
2021-11-12,71248.19,66696.31,75738.3
2021-11-15,70954.43,66629.16,75420.03
2021-11-16,71536.91,67201.08,75773.34
2021-11-17,71264.72,67737.62,75269.58
2021-11-18,73510.05,68867.6,77744.88
2021-11-19,74833.51,69614.95,78915.85
2021-11-22,73907.89,69361.69,77755.33
2021-11-23,73601.1,69212.53,77503.6
2021-11-24,74267.12,69346.03,78317.03
2021-11-26,72084.31,67413.23,76018.63
2021-11-29,74374.1,68859.94,78468.64
2021-11-30,73909.75,69256.04,77520.6
2021-12-01,73021.65,69092.64,76317.5
2021-12-02,73274.03,68822.02,77088.07
2021-12-03,71485.15,67735.96,75384.93
2021-12-06,71811.89,68790.76,75563.36
2021-12-07,74894.11,70927.0,78849.28
2021-12-08,74982.3,71734.26,78842.11
2021-12-09,73893.45,71427.84,77584.49
2021-12-10,75258.24,73440.38,78317.32
2021-12-13,73225.24,72342.56,76034.55
2021-12-14,72030.41,70872.75,75310.89
2021-12-15,74591.22,72567.85,78009.07
2021-12-16,71463.95,70080.16,75161.97
2021-12-17,70852.64,69732.51,74193.84
2021-12-20,70237.29,69031.72,73716.0
2021-12-21,72225.98,70485.22,75700.61
2021-12-22,73349.45,71660.58,76817.69
2021-12-23,73728.19,71951.13,77236.59
2021-12-27,75819.41,73611.72,79144.72
2021-12-28,75184.09,73269.87,78412.81
2021-12-29,75066.11,73363.06,78221.92
2021-12-30,74397.07,72839.85,77623.86
2021-12-31,73904.63,72390.27,77151.51
2022-01-03,74708.98,73135.73,78065.49
2022-01-04,73204.32,72048.41,76946.2
2022-01-05,70132.43,69718.2,73874.3
2022-01-06,70244.99,68851.09,73943.82
2022-01-07,69125.31,68903.12,73148.81
2022-01-10,69319.16,68931.76,73420.42
2022-01-11,70429.42,69601.75,74212.45
2022-01-12,70747.49,70045.26,74722.95
2022-01-13,68296.03,67921.52,72364.96
2022-01-14,68931.77,68678.53,73034.33
2022-01-18,66972.15,67200.72,71116.99
2022-01-19,65202.69,66539.2,70019.47
2022-01-20,63712.48,66000.98,68814.01
2022-01-21,62319.13,64974.97,67311.81
2022-01-24,62154.51,64848.8,67351.12
2022-01-25,60477.22,63629.83,65565.97
2022-01-26,61014.33,64488.22,66440.19
2022-01-27,59891.03,64725.48,65837.82
2022-01-28,63282.34,67908.18,68476.86
2022-01-31,66236.92,69113.35,70584.89
2022-02-01,66390.53,68841.57,70894.54
2022-02-02,67392.01,69595.87,72765.33
2022-02-03,65183.87,67688.8,70282.49
2022-02-04,65584.37,68129.41,70810.03
2022-02-07,65941.59,67446.8,70410.07
2022-02-08,67064.26,68484.55,71222.97
2022-02-09,69342.74,69492.5,73204.05
2022-02-10,67395.32,67694.05,71326.63
2022-02-11,64354.92,66194.56,68675.03
2022-02-14,64798.6,66239.71,69015.33
2022-02-15,68365.13,67628.23,71526.14
2022-02-16,68335.66,67541.41,71625.68
2022-02-17,65096.24,65848.32,68699.07
2022-02-18,63698.83,65223.7,67521.61
2022-02-22,62773.94,64587.72,66902.41
2022-02-23,60656.71,62916.32,65072.05
2022-02-24,62893.23,64996.83,67581.06
2022-02-25,63834.04,65722.0,68590.01
2022-02-28,64172.28,65935.81,68875.83
2022-03-01,62651.67,65130.02,67606.91
2022-03-02,64268.68,66381.93,68918.73
2022-03-03,63573.25,65857.54,68208.91
2022-03-04,61979.44,64579.71,66831.05
2022-03-07,59219.45,62612.41,63995.92
2022-03-08,59038.17,61902.36,63822.7
2022-03-09,62030.98,64389.04,66838.72
2022-03-10,60679.07,63165.91,65937.34
2022-03-11,59208.13,61795.53,64584.85
2022-03-14,57408.47,60561.3,63055.6
2022-03-15,60364.94,62626.5,65661.96
2022-03-16,63178.73,64326.92,68120.6
2022-03-17,63725.28,64627.71,68636.37
2022-03-18,66508.23,65876.41,70745.41
2022-03-21,67144.47,66028.89,71011.41
2022-03-22,67590.89,67260.93,71844.96
2022-03-23,66772.62,67058.58,70794.36
2022-03-24,70686.57,68346.09,73686.25
2022-03-25,70252.05,68435.01,73444.5
2022-03-28,71086.56,69366.63,74273.45
2022-03-29,72319.07,70561.9,75325.17
2022-03-30,70876.33,70151.2,74308.86
2022-03-31,69725.86,68907.31,73049.55
2022-04-01,68952.24,68964.2,72779.73
2022-04-04,70605.46,70407.8,74215.69
2022-04-05,68092.58,69274.69,72312.82
2022-04-06,65486.77,67393.18,69910.36
2022-04-07,65291.24,67656.9,69860.23
2022-04-08,63480.24,66764.48,68403.96
2022-04-11,61070.48,64619.16,66016.28
2022-04-12,60915.21,64670.32,65577.92
2022-04-13,62359.32,65828.8,66905.01
2022-04-14,60128.95,63943.99,64994.72
2022-04-18,60763.04,63972.46,65496.07
2022-04-19,61759.5,64963.14,66610.38
2022-04-20,60801.75,65041.45,65905.55
2022-04-21,58964.99,64281.4,64144.92
2022-04-22,57187.08,62603.38,62163.45
2022-04-25,57902.17,63542.96,63225.99
2022-04-26,55261.81,61168.75,60694.91
2022-04-27,54734.91,62511.09,60559.78
2022-04-28,57897.58,64651.9,63120.35
2022-04-29,55118.87,62124.1,60351.28
2022-05-02,56452.8,62930.9,61716.44
2022-05-03,56842.47,62956.26,61899.71
2022-05-04,59080.76,65179.31,64139.61
2022-05-05,55328.16,61924.77,60772.81
2022-05-06,55256.62,61797.27,60458.38
2022-05-09,51996.26,59635.95,57650.23
2022-05-10,53314.03,60667.05,58752.42
2022-05-11,50481.94,58058.75,56746.73
2022-05-12,49114.27,56690.51,55774.3
2022-05-13,51991.52,58245.46,58094.76
2022-05-16,51110.07,57962.37,57452.82
2022-05-17,53021.33,59293.96,59076.96
2022-05-18,49754.39,56259.24,56069.95
2022-05-19,49307.13,55443.06,55674.61
2022-05-20,48799.69,55430.41,55208.4
2022-05-23,50156.36,57435.37,56599.86
2022-05-24,48651.4,56757.99,55158.61
2022-05-25,49742.73,57101.72,55984.55
2022-05-26,51519.07,58136.04,57450.71
2022-05-27,53918.83,60130.76,59661.34
2022-05-31,53580.97,59819.02,59513.04
2022-06-01,53100.91,59851.15,59189.22
2022-06-02,55237.83,60598.06,61002.73
2022-06-03,52957.58,58907.39,59198.82
2022-06-06,53193.28,58928.01,59509.53
2022-06-07,53883.05,59859.73,60120.06
2022-06-08,53380.77,59481.13,59651.93
2022-06-09,51552.45,57782.06,58043.68
2022-06-10,49074.58,55381.63,55624.36
2022-06-13,46321.61,53149.46,52895.66
2022-06-14,46739.9,53569.84,53207.97
2022-06-15,48160.8,54899.31,54689.81
2022-06-16,45901.73,53064.57,52578.95
2022-06-17,46559.01,53661.0,53154.57
2022-06-21,48298.3,55202.19,54948.6
2022-06-22,47929.37,55029.61,54702.17
2022-06-23,48333.49,56245.65,55254.74
2022-06-24,50168.09,57891.81,57453.33
2022-06-27,49836.33,57590.72,56894.28
2022-06-28,47855.38,55819.5,54945.82
2022-06-29,47641.93,56593.59,54887.9
2022-06-30,46650.33,55708.54,53901.8
2022-07-01,46267.04,56458.86,53805.61
2022-07-05,47407.44,57351.51,54950.66
2022-07-06,47898.31,57991.94,55491.36
2022-07-07,49629.07,58933.81,56969.7
2022-07-08,49712.11,58996.8,57027.0
2022-07-11,48258.05,58211.86,55728.09
2022-07-12,48311.39,57254.49,55044.77
2022-07-13,48380.41,57076.41,54725.07
2022-07-14,49207.92,57836.55,55065.86
2022-07-15,50112.23,58469.95,55933.75
2022-07-18,50136.03,57566.11,55478.35
2022-07-19,52209.68,58942.17,57425.34
2022-07-20,53847.58,59656.38,58395.06
2022-07-21,54619.29,60408.03,59023.82
2022-07-22,53245.09,59668.21,57460.28
2022-07-25,52585.36,59269.22,57053.99
2022-07-26,51578.46,58248.34,55915.86
2022-07-27,54444.91,61122.8,59048.41
2022-07-28,54847.18,62060.1,59810.43
2022-07-29,55991.51,63587.97,60911.42
2022-08-01,56267.82,63089.28,60747.5
2022-08-02,56153.45,62438.2,60507.41
2022-08-03,57757.09,64519.74,62065.34
2022-08-04,58216.72,64580.19,62334.45
2022-08-05,57818.38,64453.42,62026.48
2022-08-08,55833.24,64076.79,60950.21
2022-08-09,54715.41,64299.26,60401.98
2022-08-10,57046.15,65926.26,62330.39
2022-08-11,56674.2,65542.11,61977.11
2022-08-12,58497.88,66811.44,63517.91
2022-08-15,59194.13,67203.64,64000.96
2022-08-16,58923.75,67089.16,63825.16
2022-08-17,58310.67,67320.32,63222.93
2022-08-18,58941.66,67114.25,63560.89
2022-08-19,57031.3,66139.59,62043.51
2022-08-22,55074.44,64422.05,60231.7
2022-08-23,55251.91,64211.19,60195.06
2022-08-24,55367.25,64203.35,60240.07
2022-08-25,56884.79,65048.1,61533.08
2022-08-26,53182.92,62569.25,58325.6
2022-08-29,52078.28,61799.66,57515.57
2022-08-30,51135.99,61047.01,56804.79
2022-08-31,50258.45,60537.0,56172.73
2022-09-01,48538.88,60574.91,55499.56
2022-09-02,47718.43,59664.97,54627.54
2022-09-06,47215.1,59098.97,54125.82
2022-09-07,47856.66,59913.92,55077.8
2022-09-08,48046.32,59650.39,55142.4
2022-09-09,49164.1,60889.02,56315.44
2022-09-12,50362.58,62375.39,57131.05
2022-09-13,46574.24,58821.21,53585.82
2022-09-14,46814.57,59149.42,53819.31
2022-09-15,46007.27,57807.94,52815.77
2022-09-16,46157.41,57394.41,52765.04
2022-09-19,47080.88,58151.25,53309.06
2022-09-20,47156.17,58428.65,52963.38
2022-09-21,46761.36,57396.25,52261.09
2022-09-22,45482.6,57411.88,51743.97
2022-09-23,45025.72,56606.36,51090.61
2022-09-26,44623.53,56626.1,50733.38
2022-09-27,45083.37,56718.83,50820.29
2022-09-28,45277.88,56822.77,51535.73
2022-09-29,43228.48,54919.81,49932.95
2022-09-30,42385.76,53542.19,49004.89
2022-10-03,43688.73,55261.51,50505.43
2022-10-04,45392.0,56889.18,52231.55
2022-10-05,45511.34,56985.49,52258.53
2022-10-06,45224.66,56526.42,51914.39
2022-10-07,42565.63,54076.3,49609.71
2022-10-10,41907.42,53608.64,48967.2
2022-10-11,41539.94,52898.99,48495.62
2022-10-12,41291.66,52803.36,48399.29
2022-10-13,42807.83,54675.07,49881.05
2022-10-14,40821.16,53113.34,48249.13
2022-10-17,42593.18,54908.59,50030.6
2022-10-18,42936.59,55289.41,50430.87
2022-10-19,43100.11,55095.23,50237.86
2022-10-20,43277.69,54962.74,50245.43
2022-10-21,44347.56,56404.89,51367.71
2022-10-24,44914.06,57405.84,52120.71
2022-10-25,46513.0,58368.68,53348.42
2022-10-26,45417.25,55674.7,50996.24
2022-10-27,45208.37,54244.54,50318.82
2022-10-28,48034.77,57482.62,52735.3
2022-10-31,47078.38,56585.49,51878.63
2022-11-01,46746.18,55604.87,51085.57
2022-11-02,45318.7,53577.98,49443.63
2022-11-03,44728.28,51680.03,48393.18
2022-11-04,45970.02,52390.86,49671.93
2022-11-07,46306.13,53198.33,50381.69
2022-11-08,46920.72,53425.65,50790.99
2022-11-09,44767.46,51999.95,49245.07
2022-11-10,50057.03,56464.94,53683.65
2022-11-11,51499.1,57493.7,54865.93
2022-11-14,51225.11,56603.01,54329.41
2022-11-15,52143.17,57012.1,55123.9
2022-11-16,50631.29,56800.95,54433.78
2022-11-17,50520.95,57194.73,54337.81
2022-11-18,50140.6,57263.07,54120.1
2022-11-21,49476.17,56674.1,53600.92
2022-11-22,51068.26,57443.77,54727.08
2022-11-23,52044.73,57902.41,55473.01
2022-11-25,51155.36,57280.56,54938.22
2022-11-28,49784.42,55859.05,53735.1
2022-11-29,48987.71,55074.28,53179.26
2022-11-30,52290.68,58087.76,56234.35
2022-12-01,52703.91,58097.2,56389.46
2022-12-02,52174.81,58029.33,56102.54
2022-12-05,51529.03,57266.27,55315.95
2022-12-06,49869.68,55949.92,53931.09
2022-12-07,49799.35,55461.74,53620.51
2022-12-08,51893.89,56141.65,54639.63
2022-12-09,51525.26,55827.12,54226.14
2022-12-12,52815.67,57072.43,55317.61
2022-12-13,53903.98,57749.97,56294.34
2022-12-14,52861.81,57314.88,55701.14
2022-12-15,50570.29,55043.1,53590.64
2022-12-16,49599.27,54166.38,52777.33
2022-12-19,48716.98,53267.24,51919.19
2022-12-20,48411.1,53398.13,51914.47
2022-12-21,49621.41,54332.78,52802.1
2022-12-22,47097.6,52994.94,51075.98
2022-12-23,46808.51,52976.56,51168.11
2022-12-27,44632.65,52407.5,49908.92
2022-12-28,43871.34,51320.65,49154.81
2022-12-29,45409.87,52756.74,50565.86
2022-12-30,45478.23,52694.77,50501.84
2023-01-03,44209.57,51663.82,49909.73
2023-01-04,45107.74,50802.14,49865.97
2023-01-05,44123.53,49793.87,48803.8
2023-01-06,45853.76,51027.33,50078.69
2023-01-09,47134.9,51372.76,50854.05
2023-01-10,47671.33,51679.0,51296.6
2023-01-11,48301.18,52994.94,52320.54
2023-01-12,49074.57,53273.43,52814.04
2023-01-13,49912.31,53630.16,53383.72
2023-01-17,51360.83,53994.8,54032.64
2023-01-18,50729.95,53354.97,53353.75
2023-01-19,49795.53,52949.59,52845.79
2023-01-20,51913.49,54379.95,54893.14
2023-01-23,54576.93,55304.15,56573.32
2023-01-24,54939.07,55539.68,56507.74
2023-01-25,54910.23,55247.14,56197.65
2023-01-26,56021.04,56477.2,57386.02
2023-01-27,57238.58,56901.84,58181.76
2023-01-30,54863.1,55709.03,56434.62
2023-01-31,55670.16,56524.98,57379.12
2023-02-01,58042.74,57292.67,59007.12
2023-02-02,60178.21,59683.41,61401.82
2023-02-03,59888.2,59771.48,60578.39
2023-02-06,59381.65,59028.48,60025.37
2023-02-07,61571.6,60794.22,62143.39
2023-02-08,61138.52,60140.25,60986.31
2023-02-09,61156.78,59588.2,60349.54
2023-02-10,59566.93,59608.86,59535.47
2023-02-13,60877.23,61082.22,60645.12
2023-02-14,62588.92,61039.11,61517.3
2023-02-15,62646.31,61246.06,61698.63
2023-02-16,61182.9,60136.51,60396.83
2023-02-17,60029.44,59454.74,59524.56
2023-02-21,58177.13,58029.87,57944.85
2023-02-22,58406.13,57993.73,57976.85
2023-02-23,62986.4,58447.13,60322.68
2023-02-24,61926.54,57290.84,59295.05
2023-02-27,62472.72,57642.94,59703.91
2023-02-28,61942.36,57457.42,59396.23
2023-03-01,60770.77,56682.42,58687.33
2023-03-02,61828.18,57329.16,59646.72
2023-03-03,63623.9,58840.89,61008.78
2023-03-06,63600.7,59591.41,61207.67
2023-03-07,62801.32,58835.89,60425.15
2023-03-08,64405.3,59050.37,61235.68
2023-03-09,62851.11,58429.14,60050.4
2023-03-10,61753.74,57593.6,59052.55
2023-03-13,62103.99,58577.01,59478.96
2023-03-14,64173.49,59757.72,61216.72
2023-03-15,64499.13,60342.53,61718.53
2023-03-16,67033.21,62096.45,63990.47
2023-03-17,67166.93,62269.05,64203.69
2023-03-20,67862.02,61988.94,64281.66
2023-03-21,68656.6,62545.67,65221.91
2023-03-22,68815.37,62084.49,64912.21
2023-03-23,70126.71,62892.0,66021.54
2023-03-24,69724.07,63479.55,65998.96
2023-03-27,68992.33,62619.2,65198.99
2023-03-28,68693.94,62364.57,64844.54
2023-03-29,70132.71,63580.78,65946.14
2023-03-30,71030.38,64292.25,66542.73
2023-03-31,72088.49,65277.14,67655.66
2023-04-03,72603.65,65424.7,67957.4
2023-04-04,71821.03,65307.44,67501.93
2023-04-05,70670.0,64613.54,66743.09
2023-04-06,71069.12,65583.66,67672.56
2023-04-10,71198.14,64800.34,67584.87
2023-04-11,70397.2,63837.43,66789.2
2023-04-12,69369.36,63763.69,66141.69
2023-04-13,70520.61,65580.08,67255.67
2023-04-14,70827.09,65108.18,67401.66
2023-04-17,71148.21,65399.47,67458.53
2023-04-18,72282.35,65609.89,67906.18
2023-04-19,72878.47,65858.8,68171.0
2023-04-20,71590.83,65403.21,67417.08
2023-04-21,71254.21,65027.81,67298.13
2023-04-24,71221.98,64661.3,67159.23
2023-04-25,69841.39,63652.71,65778.88
2023-04-26,70767.36,65804.2,67117.72
2023-04-27,72133.69,67788.55,68699.57
2023-04-28,73090.05,68313.91,69369.43
2023-05-01,74577.52,68111.77,70135.28
2023-05-02,73439.43,67878.08,69212.83
2023-05-03,72671.68,67543.28,68708.17
2023-05-04,71997.49,67308.48,68289.2
2023-05-05,75148.42,69485.6,70279.29
2023-05-08,75744.54,69255.2,70756.75
2023-05-09,74613.69,68718.75,70019.17
2023-05-10,75412.35,69662.72,71108.95
2023-05-11,75055.33,69464.58,71248.0
2023-05-12,74540.74,69146.56,71019.31
2023-05-15,75227.11,69095.74,71398.92
2023-05-16,75564.62,69341.86,71911.62
2023-05-17,76952.93,69788.52,73072.84
2023-05-18,79416.4,70767.02,74886.77
2023-05-19,78903.04,70770.36,74554.81
2023-05-22,78578.79,70878.47,74758.5
2023-05-23,77367.76,69690.44,73553.46
2023-05-24,77234.3,69595.99,73164.16
2023-05-25,87146.46,71140.3,79708.98
2023-05-26,88934.23,72400.43,81187.09
2023-05-30,90855.63,72606.55,82056.74
2023-05-31,87888.87,72291.11,80083.78
2023-06-01,91023.32,73333.46,82139.11
2023-06-02,90636.39,73816.92,82250.76
2023-06-05,90134.19,73591.19,82152.04
2023-06-06,89382.11,73269.94,81785.82
2023-06-07,87552.58,71867.33,79838.09
2023-06-08,89497.87,72641.11,80956.49
2023-06-09,89920.74,72887.53,81278.93
2023-06-12,91464.19,74021.93,82505.13
2023-06-13,93358.49,74186.33,83819.38
2023-06-14,96062.55,74649.05,85484.64
2023-06-15,96066.61,76240.38,86141.61
2023-06-16,95878.77,75390.07,85640.28
2023-06-20,97347.32,74945.72,86198.87
2023-06-21,96127.05,74242.19,85039.14
2023-06-22,96766.13,75538.05,85835.56
2023-06-23,95636.75,74964.29,84829.03
2023-06-26,93280.95,73977.3,82816.69
2023-06-27,95506.32,75201.85,84362.54
2023-06-28,94781.29,75587.16,84132.19
2023-06-29,94472.68,75571.13,83844.55
2023-06-30,97352.28,77073.55,85749.28
2023-07-03,97166.06,76484.48,85629.66
2023-07-05,96770.84,76267.41,85632.96
2023-07-06,96646.89,76704.5,85397.63
2023-07-07,96819.81,76031.97,85338.73
2023-07-10,95927.29,75019.51,84426.5
2023-07-11,96051.24,74978.82,84719.05
2023-07-12,98192.62,75841.07,86453.86
2023-07-13,100763.84,76591.44,88947.59
2023-07-14,100219.82,76901.68,88768.47
2023-07-17,102189.14,77639.16,89773.96
2023-07-18,103306.79,79073.84,91124.17
2023-07-19,103174.97,78880.92,90592.66
2023-07-20,100894.17,77584.11,88552.25
2023-07-21,99206.62,77001.93,87490.08
2023-07-24,99758.15,77314.9,88041.78
2023-07-25,101200.0,78130.38,89267.02
2023-07-26,101162.11,76883.81,89284.46
2023-07-27,101352.17,75855.62,89143.19
2023-07-28,102984.68,77224.58,90752.63
2023-07-31,103117.13,77088.13,90718.57
2023-08-01,102650.78,76959.34,90352.8
2023-08-02,99322.34,75374.52,87566.26
2023-08-03,99248.2,74991.19,87570.67
2023-08-04,97119.88,73208.27,86895.39
2023-08-07,97171.46,72809.05,87722.19
2023-08-08,96548.73,72566.87,86996.47
2023-08-09,93725.36,71819.67,84867.11
2023-08-10,93479.68,71849.76,84761.65
2023-08-11,91738.84,71654.51,83513.7
2023-08-14,95480.55,72329.17,86194.23
2023-08-15,95186.67,71675.84,85786.72
2023-08-16,94444.2,71408.51,85149.56
2023-08-17,93631.91,70493.12,84707.72
2023-08-18,93704.22,70551.53,84464.25
2023-08-21,98247.06,71417.35,87725.62
2023-08-22,97110.45,71768.93,86929.2
2023-08-23,99752.38,73069.06,88982.29
2023-08-24,98608.08,71322.43,87907.55
2023-08-25,97860.19,72111.93,87454.13
2023-08-28,99195.43,72518.15,88412.12
2023-08-29,102421.34,73845.01,90917.72
2023-08-30,103863.46,74619.37,91762.99
2023-08-31,104023.32,74553.41,91815.8
2023-09-01,103456.15,74981.22,91324.5
2023-09-05,103561.49,75561.2,91545.54
2023-09-06,100146.29,74078.31,89633.52
2023-09-07,97854.59,72645.15,88486.66
2023-09-08,97244.92,73246.6,88351.22
2023-09-11,97091.84,73889.55,88441.52
2023-09-12,95965.52,72585.09,87471.16
2023-09-13,96141.75,72616.11,88091.56
2023-09-14,96638.47,73220.09,88640.46
2023-09-15,94528.24,72149.13,86740.97
2023-09-18,95352.06,72638.15,87071.48
2023-09-19,95119.18,72822.17,86769.76
2023-09-20,92746.77,71224.31,84645.66
2023-09-21,90952.57,70765.88,83035.31
2023-09-22,91849.27,70671.29,83398.71
2023-09-25,92876.43,70996.68,84118.97
2023-09-26,91478.75,69555.55,82896.53
2023-09-27,91730.08,69308.23,83411.12
2023-09-28,92507.2,69454.39,84171.98
2023-09-29,93108.33,69791.15,84446.56
2023-10-02,95220.14,70974.59,86199.38
2023-10-03,93257.8,69782.44,84454.59
2023-10-04,94812.04,70648.0,85546.97
2023-10-05,95439.56,70951.0,86133.08
2023-10-06,97472.06,72343.32,87871.44
2023-10-09,97250.25,72932.39,87893.53
2023-10-10,97680.66,72652.75,88199.7
2023-10-11,99635.9,73382.51,89536.2
2023-10-12,99223.02,73434.91,89438.62
2023-10-13,97073.98,72676.74,87808.89
2023-10-16,98365.46,73182.04,88774.45
2023-10-17,96292.25,72793.08,87059.58
2023-10-18,93815.71,72309.58,85235.96
2023-10-19,93640.19,72361.85,85066.23
2023-10-20,92118.18,71321.87,83768.67
2023-10-23,94125.82,71634.08,85153.54
2023-10-24,95676.97,71856.66,86065.94
2023-10-25,88989.98,72469.94,83458.07
2023-10-26,86263.58,70210.03,81009.76
2023-10-27,86409.53,70694.42,81274.47
2023-10-30,87924.88,71937.45,82618.41
2023-10-31,87384.98,72123.87,82438.52
2023-11-01,89868.55,73651.46,84555.73
2023-11-02,91493.17,74643.11,86151.7
2023-11-03,93658.15,74937.71,87653.61
2023-11-06,94859.32,75877.95,88727.29
2023-11-07,95331.7,76849.54,89371.33
2023-11-08,96298.51,77361.24,90133.33
2023-11-09,96130.49,76989.43,90022.35
2023-11-10,98436.85,78842.69,92208.28
2023-11-13,98562.42,78185.78,92099.94
2023-11-14,100206.76,79124.02,93624.76
2023-11-15,99745.12,79258.86,93224.14
2023-11-16,101194.21,80318.53,94330.72
2023-11-17,100425.86,79627.81,93775.41
2023-11-20,101940.56,80818.36,95267.47
2023-11-21,101701.7,80175.18,94705.1
2023-11-22,100935.52,80833.79,94240.12
2023-11-24,99297.43,80509.47,93237.69
2023-11-27,99693.5,80600.23,93575.11
2023-11-28,99526.25,81171.4,93576.0
2023-11-29,99081.18,80538.96,93339.76
2023-11-30,96751.74,80666.09,92170.72
2023-12-01,96508.66,80456.39,92088.82
2023-12-04,94255.36,79496.61,90448.75
2023-12-05,95992.74,80693.58,91887.59
2023-12-06,94518.3,80060.71,90694.32
2023-12-07,98132.43,80699.81,92531.27
2023-12-08,98411.58,81355.6,93340.1
2023-12-11,96873.75,80511.14,92224.57
2023-12-12,97695.65,81163.93,93239.38
2023-12-13,98171.65,81838.74,94005.24
2023-12-14,98226.67,80953.08,93826.08
2023-12-15,99035.04,81362.22,94438.71
2023-12-18,101432.6,81221.4,95653.03
2023-12-19,101231.31,81506.03,95569.73
2023-12-20,100243.58,80780.41,94149.74
2023-12-21,101916.27,81066.43,95242.34
2023-12-22,102125.84,80954.8,95206.33
2023-12-26,102613.87,80849.11,95556.56
2023-12-27,102352.53,80805.81,95553.92
2023-12-28,102414.49,81026.68,95712.24
2023-12-29,102222.87,80890.89,95569.27
2024-01-02,100243.86,78896.33,93537.82
2024-01-03,99584.07,78577.93,92932.1
2024-01-04,99670.99,77802.31,92658.83
2024-01-05,100788.89,77629.85,93367.57
2024-01-08,105010.84,79294.68,96879.56
2024-01-09,106082.47,79326.82,97743.87
2024-01-10,108284.88,80303.45,99242.17
2024-01-11,109027.4,80380.73,99602.44
2024-01-12,109429.82,80866.51,99776.63
2024-01-16,111412.91,80585.79,100857.81
2024-01-17,110962.45,80301.31,100328.76
2024-01-18,112653.85,82016.73,102111.38
2024-01-19,115783.27,83147.52,104790.48
2024-01-22,115660.96,83397.45,105001.8
2024-01-23,116211.84,83925.35,105516.23
2024-01-24,118255.88,84181.53,106911.24
2024-01-25,118833.43,84363.85,107552.37
2024-01-26,118096.61,83897.78,106940.82
2024-01-29,120371.28,84383.26,108440.85
2024-01-30,120540.09,83493.1,108107.94
2024-01-31,117754.54,81540.03,105078.57
2024-02-01,120153.3,82725.17,106947.46
2024-02-02,124418.88,83323.35,109792.03
2024-02-05,126966.8,83098.85,112161.84
2024-02-06,125791.17,83418.38,111535.57
2024-02-07,128900.14,84371.16,113572.75
2024-02-08,128431.66,84150.98,113182.57
2024-02-09,131895.1,85010.92,115772.37
2024-02-12,131299.83,84082.24,115338.89
2024-02-13,129966.76,82671.69,114271.43
2024-02-14,132341.4,82913.0,115893.62
2024-02-15,130652.3,82533.73,114592.73
2024-02-16,130266.98,81938.87,114037.11
2024-02-20,126805.81,81644.48,111532.61
2024-02-21,124662.9,81736.35,110233.69
2024-02-22,137460.0,83193.89,119542.62
2024-02-23,137572.95,82666.08,119537.51
2024-02-26,137479.99,82078.15,118840.21
2024-02-27,137065.0,82377.73,118818.3
2024-02-28,136017.38,82151.88,117688.81
2024-02-29,138326.73,82656.66,119227.89
2024-03-01,141874.02,82632.11,121592.59
2024-03-04,144873.48,81619.44,123025.8
2024-03-05,143972.85,79247.03,122424.99
2024-03-06,146744.15,78977.85,124315.45
2024-03-07,151828.89,79720.14,128013.6
2024-03-08,146083.73,79762.59,124190.25
2024-03-11,144028.32,79998.2,123175.47
2024-03-12,151873.54,81269.22,128517.07
2024-03-13,150782.53,80812.33,127668.72
2024-03-14,149089.17,82303.13,126349.34
2024-03-15,147786.34,81266.26,125575.13
2024-03-18,148551.3,81593.28,126880.03
2024-03-19,150086.37,82529.84,127974.64
2024-03-20,151617.14,83484.91,129379.39
2024-03-21,153283.85,82415.36,129684.3
2024-03-22,156168.46,82536.3,132156.24
2024-03-25,156114.29,81598.59,132210.5
2024-03-26,153410.33,81229.5,130263.45
2024-03-27,150975.67,81955.19,128953.41
2024-03-28,150989.86,81496.86,128852.83
2024-04-01,151518.41,81613.93,129323.08
2024-04-02,150196.14,81025.48,128226.14
2024-04-03,149610.35,81086.4,127934.15
2024-04-04,146587.14,80633.86,124864.07
2024-04-05,149713.52,81623.62,127170.92
2024-04-08,148813.99,81287.1,126615.04
2024-04-09,147624.05,81725.07,125640.38
2024-04-10,148497.86,81002.82,126434.55
2024-04-11,152330.07,83022.87,130346.97
2024-04-12,149216.81,82681.03,128034.74
2024-04-15,145911.05,80978.28,125266.44
2024-04-16,147264.26,80391.32,126024.16
2024-04-17,143941.59,79805.75,123277.99
2024-04-18,143124.02,78781.97,123371.07
2024-04-19,135103.1,77796.68,116317.24
2024-04-22,138213.19,78171.85,119290.5
2024-04-23,141828.18,79111.97,122195.51
2024-04-24,139791.84,79715.59,120453.77
2024-04-25,140481.34,78806.24,121953.99
2024-04-26,146058.66,79475.69,127724.67
2024-04-29,145350.85,79907.33,127398.88
2024-04-30,141909.42,77841.08,125015.41
2024-05-01,140092.64,78237.17,122712.72
2024-05-02,142937.47,79329.5,125624.46
2024-05-03,147002.97,82444.65,129326.6
2024-05-06,151040.07,82845.69,132225.0
2024-05-07,148960.95,82532.26,131229.62
2024-05-08,149056.01,82733.66,131023.57
2024-05-09,147977.72,83308.46,130138.55
2024-05-10,149357.76,83307.02,130877.56
2024-05-13,149612.55,83869.52,131543.0
2024-05-14,150921.65,84418.4,132660.3
2024-05-15,154966.1,85688.55,136007.23
2024-05-16,154365.3,85485.71,135855.86
2024-05-17,152649.69,85406.91,134615.5
2024-05-20,155495.87,86210.21,136763.5
2024-05-21,156665.34,86886.79,137613.49
2024-05-22,156564.36,86745.79,137046.91
2024-05-23,163354.02,85523.77,142823.91
2024-05-24,166157.39,86514.71,145455.87
2024-05-28,172416.89,86534.25,151188.82
2024-05-29,172985.98,86471.41,151710.94
2024-05-30,166767.94,85098.98,147455.95
2024-05-31,166123.29,85349.32,147068.65
2024-06-03,170335.1,85544.94,151251.82
2024-06-04,171995.71,85889.69,152544.05
2024-06-05,178447.93,87072.35,157845.85
2024-06-06,177330.12,86838.1,156797.47
2024-06-07,177118.13,87267.58,156649.43
2024-06-10,178592.97,86919.78,157303.7
2024-06-11,178723.35,90369.72,158220.91
2024-06-12,183818.33,92517.83,162530.49
2024-06-13,187608.87,92818.48,165734.71
2024-06-14,189689.13,92561.51,167502.93
2024-06-17,189971.33,94065.49,167586.52
2024-06-18,193465.33,93347.89,170580.57
2024-06-20,189326.36,92316.84,166643.02
2024-06-21,186525.8,92305.04,163781.85
2024-06-24,179055.26,92210.52,157306.58
2024-06-25,186332.48,92762.06,164039.95
2024-06-26,186808.71,93765.59,164677.5
2024-06-27,184911.37,94018.06,163140.62
2024-06-28,183479.38,92649.14,161881.87
2024-07-01,185864.87,94993.67,163501.39
2024-07-02,185165.07,96005.68,162998.11
2024-07-03,189662.53,96435.04,167502.33
2024-07-05,189212.39,98174.15,166906.98
2024-07-08,190715.72,98338.85,168616.49
2024-07-09,191729.97,97787.67,170792.66
2024-07-10,195734.48,99415.89,174452.98
2024-07-11,187769.53,97028.51,167187.67
2024-07-12,188911.22,97522.42,168810.84
2024-07-15,188396.52,98372.0,168732.61
2024-07-16,185937.99,97975.49,166847.28
2024-07-17,178459.33,96082.71,159315.82
2024-07-18,180136.1,94759.22,160677.05
2024-07-19,177110.22,94430.89,158073.53
2024-07-22,182490.77,94993.56,163049.0
2024-07-23,182169.15,95420.76,162495.36
2024-07-24,172688.37,92332.61,153778.05
2024-07-25,169079.04,90968.85,151159.71
2024-07-26,171060.05,91815.88,152216.42
2024-07-29,170258.09,92033.46,151454.01
2024-07-30,163606.35,91734.82,145434.9
2024-07-31,172612.7,91920.49,155840.26
2024-08-01,166521.27,91009.61,149330.94
2024-08-02,163316.89,90382.54,146958.26
2024-08-05,155503.62,86719.88,139243.51
2024-08-06,159252.16,86780.77,142153.49
2024-08-07,155019.63,87192.18,138280.14
2024-08-08,160417.16,88384.38,143923.41
2024-08-09,160930.25,89358.41,144368.98
2024-08-12,164283.44,89766.03,147610.91
2024-08-13,171071.69,91331.81,153995.7
2024-08-14,173102.03,91736.48,155291.22
2024-08-15,177678.68,92900.16,159681.84
2024-08-16,178442.79,92898.19,161166.21
2024-08-19,183118.78,93199.02,165855.66
2024-08-20,181729.33,93685.62,164011.36
2024-08-21,182529.34,93590.57,164833.36
2024-08-22,177219.55,92261.93,160413.2
2024-08-23,181681.56,92879.61,165219.7
2024-08-26,178833.23,92590.13,162936.38
2024-08-27,180280.25,92805.81,164280.62
2024-08-28,177608.65,92130.43,161727.2
2024-08-29,172126.19,93094.58,155989.78
2024-08-30,174276.45,93368.76,157732.03
2024-09-03,164206.14,91227.14,147448.72
2024-09-04,162757.77,90767.34,145802.83
2024-09-05,163401.46,91031.04,146700.24
2024-09-06,158763.08,89974.64,142131.38
2024-09-09,162303.96,90432.53,145011.72
2024-09-10,165251.17,91191.75,146597.14
2024-09-11,173639.89,92689.66,154201.85
2024-09-12,176121.97,93145.16,156532.45
2024-09-13,176823.84,93480.92,156983.24
2024-09-16,175242.04,92272.71,154838.5
2024-09-17,175128.89,92786.98,154279.38
2024-09-18,172584.32,93127.1,152752.21
2024-09-19,177555.27,95695.45,157637.89
2024-09-20,175459.91,95182.03,156143.46
2024-09-23,175295.57,94628.63,155985.84
2024-09-24,177857.85,94342.47,159418.38
2024-09-25,180431.08,94454.84,161334.1
2024-09-26,180664.31,94607.53,161973.6
2024-09-27,178019.71,94304.54,159966.98
2024-09-30,178514.38,95641.22,160777.16
2024-10-01,173235.64,93174.07,156431.36
2024-10-02,174823.5,92904.22,157608.84
2024-10-03,177359.76,92608.05,160465.78
2024-10-04,179324.93,92791.53,162346.82
2024-10-07,179441.17,91012.6,163203.27
2024-10-08,184830.89,92429.04,167929.83
2024-10-09,186096.79,93516.44,168045.01
2024-10-10,187504.43,93235.11,169548.7
2024-10-11,186926.5,92976.49,169642.06
2024-10-14,190783.26,94067.35,172826.37
2024-10-15,186969.8,94556.01,168092.58
2024-10-16,189227.3,93837.7,170936.06
2024-10-17,190264.76,93980.47,171686.13
2024-10-18,192148.19,94732.72,172897.42
2024-10-21,196942.15,95109.4,177372.6
2024-10-22,196615.92,95933.53,177707.96
2024-10-23,191679.56,94551.0,173758.52
2024-10-24,192236.09,94525.54,174413.83
2024-10-25,193394.3,95074.45,175724.31
2024-10-28,193401.16,95319.49,175245.02
2024-10-29,194044.97,95961.31,176362.48
2024-10-30,191263.98,95279.39,175073.73
2024-10-31,184788.28,91545.14,168012.68
2024-11-01,185593.99,91357.94,170000.98
2024-11-04,185730.59,90961.43,170098.45
2024-11-05,189139.62,91589.74,173479.13
2024-11-06,193079.94,92389.8,179117.11
2024-11-07,197323.46,93956.93,182732.4
2024-11-08,196294.52,93584.83,181480.26
2024-11-11,193493.47,92519.5,179484.39
2024-11-12,195736.64,93067.82,182052.58
2024-11-13,194582.36,93490.84,180446.63
2024-11-14,196133.45,94323.3,180724.79
2024-11-15,191360.38,92351.65,175845.45
2024-11-18,191163.24,93065.81,175094.08
2024-11-19,196341.53,93341.88,180685.87
2024-11-20,195788.37,93241.13,179602.01
2024-11-21,196181.83,92944.9,179341.55
2024-11-22,193205.0,93679.05,175861.5
2024-11-25,189964.87,94501.92,172073.23
2024-11-26,191470.65,95966.51,173560.43
2024-11-27,190251.09,95392.11,172106.86
2024-11-29,193325.44,95945.12,174584.29
2024-12-02,194473.08,97240.47,175663.27
2024-12-03,196852.81,97904.06,177145.29
2024-12-04,200603.59,98660.04,181505.42
2024-12-05,200563.26,99235.43,181488.31
2024-12-06,198546.81,99297.6,179777.82
2024-12-09,197358.07,100382.89,177487.13
2024-12-10,194980.07,100301.65,175550.48
2024-12-11,197628.58,100653.61,179993.92
2024-12-12,196733.55,101023.2,178244.83
2024-12-13,194510.96,100808.1,175627.36
2024-12-16,193960.6,101889.07,175104.57
2024-12-17,193703.93,102713.1,174038.37
2024-12-18,190526.69,99710.06,170564.81
2024-12-19,192504.14,100034.3,172029.33
2024-12-20,197282.11,100969.5,175890.71
2024-12-23,201260.76,100984.76,180035.94
2024-12-24,202791.13,102043.62,181192.49
2024-12-26,202890.74,102081.46,180941.33
2024-12-27,199414.02,100535.05,177685.45
2024-12-30,198469.9,99202.73,177184.17
2024-12-31,195418.4,98466.28,174241.25
2025-01-02,195876.23,96773.64,176556.73
2025-01-03,200413.22,97193.29,181773.88
2025-01-06,204561.22,98028.54,186417.14
2025-01-07,196860.57,96845.7,178655.53
2025-01-08,197022.34,97187.79,178642.87
2025-01-10,191919.01,95351.21,174329.34
2025-01-13,189334.16,94646.57,171959.03
2025-01-14,187996.16,94246.14,170585.1
2025-01-15,192993.81,96369.9,175653.44
2025-01-16,188203.31,94172.17,172482.41
2025-01-17,191905.27,95018.67,176388.23
2025-01-21,192177.57,93426.68,178439.11
2025-01-22,197097.63,95612.56,184119.9
2025-01-23,197298.5,95632.85,184290.82
2025-01-24,193702.23,95158.91,180817.16
2025-01-27,178288.77,95598.82,161777.17
2025-01-28,188490.22,98737.72,171445.52
2025-01-29,184951.78,98434.61,167291.05
2025-01-30,185241.14,95072.46,167276.85
2025-01-31,181385.37,94747.82,163929.12
2025-02-03,176423.75,92624.9,160140.34
2025-02-04,179429.12,93784.65,162706.32
2025-02-05,183814.3,93816.38,165959.29
2025-02-06,186854.96,94250.02,169105.54
2025-02-07,185775.38,92417.44,168486.42
2025-02-10,188675.59,92744.25,171636.27
2025-02-11,189626.01,93698.71,171340.27
2025-02-12,189626.84,94325.22,170126.19
2025-02-13,194228.1,95464.34,174113.5
2025-02-14,197659.08,95875.71,176861.56
2025-02-18,198088.39,95980.94,177222.17
2025-02-19,198149.87,96626.09,177536.92
2025-02-20,198946.26,97067.11,178237.03
2025-02-21,194383.53,96139.98,172846.74
2025-02-24,191785.42,96002.58,169563.36
2025-02-25,189052.85,95321.07,166098.49
2025-02-26,190375.52,94124.17,168857.16
2025-02-27,181169.93,92694.38,159264.42
2025-02-28,186295.57,94133.34,163837.69
2025-03-03,177018.18,92404.06,154396.81
2025-03-04,177458.54,91977.86,155871.9
2025-03-05,178601.47,93299.05,157753.4
2025-03-06,173260.59,92760.36,152144.2
2025-03-07,176012.8,93150.24,154124.29
2025-03-10,167856.36,89283.3,147122.94
2025-03-11,166941.26,87925.89,147614.01
2025-03-12,170874.7,87427.55,153040.96
2025-03-13,168267.64,85406.77,151490.29
2025-03-14,174210.72,87277.51,157380.7
2025-03-17,173036.85,87399.57,155821.3
2025-03-18,169475.77,86557.42,151889.92
2025-03-19,171980.68,87562.49,154337.71
2025-03-20,172285.61,87216.51,154807.82
2025-03-21,172943.99,88573.67,154848.37
2025-03-24,176745.64,89287.94,158549.11
2025-03-25,177192.99,90147.88,158669.92
2025-03-26,171324.29,89114.25,152333.55
2025-03-27,170296.65,89666.54,150489.85
2025-03-28,166781.81,87129.84,147077.92
2025-03-31,167288.04,87640.87,146443.53
2025-04-01,168925.65,88608.37,148438.54
2025-04-02,169667.2,88749.34,148789.56
2025-04-03,158868.67,83428.23,138829.78
2025-04-04,148394.57,78874.45,130046.18
2025-04-07,150812.51,77209.52,131968.63
2025-04-08,148595.52,74956.29,129650.43
2025-04-09,170271.38,84426.2,149734.26
2025-04-10,161468.24,81660.15,142335.98
2025-04-11,165453.97,84056.03,146488.17
2025-04-14,166065.21,84900.13,146987.01
2025-04-15,166980.38,84592.52,147673.52
2025-04-16,159269.1,81397.5,139996.77
2025-04-17,157081.63,81544.47,137611.54
2025-04-21,151683.11,79795.56,132798.28
2025-04-22,155214.44,82016.64,135900.78
2025-04-23,159373.72,83863.61,140104.14
2025-04-24,163923.1,86068.13,144463.12
2025-04-25,168029.78,86757.5,148544.49
2025-04-28,166313.09,86861.76,146748.28
2025-04-29,167057.92,87401.46,147230.74
2025-04-30,167014.36,87805.13,147190.49
2025-05-01,169668.76,91281.99,150949.63
2025-05-02,173133.01,90698.01,153373.47
2025-05-05,172122.24,89444.06,152292.03
2025-05-06,171198.39,89050.9,151703.25
2025-05-07,174251.33,88582.46,153067.13
2025-05-08,175077.76,89370.48,154002.1
2025-05-09,174417.25,89649.48,153404.77
2025-05-12,182094.47,93427.1,160738.32
2025-05-13,187988.06,93862.26,166323.01
2025-05-14,192249.36,94153.29,171090.67
2025-05-15,192290.42,94081.0,170618.09
2025-05-16,193290.62,94166.45,171397.44
2025-05-19,193518.84,94152.29,171570.88
2025-05-20,192305.21,93673.16,170182.84
2025-05-21,188822.73,92058.62,167779.2
2025-05-22,189647.16,92157.28,168823.27
2025-05-23,187867.02,90367.3,166610.79
2025-05-27,192908.06,92556.89,171401.0
2025-05-28,191864.05,92235.02,170610.21
2025-05-29,195571.93,92281.59,173930.9
2025-05-30,192359.38,92654.71,171002.29
2025-06-02,194584.53,93009.66,172658.37
2025-06-03,198037.95,93448.43,175529.81
2025-06-04,198550.62,93453.04,176235.2
2025-06-05,196637.07,93412.84,174708.6
2025-06-06,198880.57,94398.71,177097.56
2025-06-09,199659.67,94141.65,177948.05
2025-06-10,201191.43,94196.17,179304.18
2025-06-11,200073.57,93568.02,178043.99
2025-06-12,202097.49,94342.66,179886.24
2025-06-13,198757.61,93336.98,176927.89
2025-06-16,201698.67,94208.93,179675.76
2025-06-17,200486.14,93505.69,178748.88
2025-06-18,201515.5,93944.31,179686.63
2025-06-20,200054.29,94558.25,178019.1
2025-06-23,201186.11,95607.85,178695.02
2025-06-24,205047.67,95808.0,181907.76
2025-06-25,210014.54,96309.28,187312.24
2025-06-26,211276.29,96761.07,188432.34
2025-06-27,213828.86,96611.93,190990.92
2025-06-30,214456.9,97630.26,191432.89
2025-07-01,210830.17,97596.53,187854.15
2025-07-02,213340.67,98458.92,191513.39
2025-07-03,216438.18,99542.93,193734.25
2025-07-07,215441.84,98665.7,192165.22
2025-07-08,216416.41,98557.41,193197.37
2025-07-09,219872.91,99551.12,196077.64
2025-07-10,220276.93,99594.15,197155.68
2025-07-11,221234.98,99534.43,197939.32
2025-07-14,220586.22,98969.36,197240.53
2025-07-15,225745.13,99379.64,202354.67
2025-07-16,226163.01,99577.63,203087.33
2025-07-17,228586.41,100216.29,204728.64
2025-07-18,227827.2,100278.02,204442.33
2025-07-21,227121.1,100551.46,204301.8
2025-07-22,223103.67,100427.43,201109.04
2025-07-23,225810.84,100440.97,203965.45
2025-07-24,228919.6,100909.7,206570.56
2025-07-25,229360.86,101245.77,206695.08
2025-07-28,231336.44,101148.43,209033.83
2025-07-29,230498.77,100573.74,208137.03
2025-07-30,233227.84,100182.27,210858.59
2025-07-31,236605.57,102098.11,210058.21
2025-08-01,231740.18,99979.2,205546.57
2025-08-04,238528.7,101449.16,211680.04
2025-08-05,235641.89,100492.24,209868.84
2025-08-06,235837.55,102347.58,211749.42
2025-08-07,235887.49,103317.49,213178.9
2025-08-08,237471.72,105401.81,216071.95
2025-08-11,236973.78,104971.56,215344.54
2025-08-12,239330.53,106310.29,217115.67
2025-08-13,236395.65,106130.66,215789.19
2025-08-14,237098.37,106224.05,216246.64
2025-08-15,235523.9,105720.68,214919.54
2025-08-18,235938.9,105236.58,215854.56
2025-08-19,229988.29,104362.05,210439.61
2025-08-20,228955.6,102962.82,209434.66
2025-08-21,228527.3,102658.48,208970.9
2025-08-22,231238.74,103587.36,212482.67
2025-08-25,231852.91,103134.69,213826.32
2025-08-26,232724.29,103341.3,215321.14
2025-08-27,233615.96,104106.0,215571.92
2025-08-28,233254.94,104859.28,215266.56
2025-08-29,228502.94,104446.56,210623.64
2025-09-02,225828.07,103766.23,207518.14
2025-09-03,225767.41,105626.69,210118.84
2025-09-04,227044.78,106189.76,211429.13
2025-09-05,221070.93,104743.58,207579.4
2025-09-08,222644.65,104716.11,208506.45
2025-09-09,224374.42,103998.88,210645.29
2025-09-10,229312.82,102629.0,215036.38
2025-09-11,229347.01,103378.96,215486.08
2025-09-12,231701.68,105204.59,216740.54
2025-09-15,232825.21,106357.03,218298.18
2025-09-16,229495.37,105965.65,215918.03
2025-09-17,226549.21,106249.67,212403.57
2025-09-18,230304.0,105844.09,217036.21
2025-09-19,232633.98,108485.48,218766.18
2025-09-22,236659.71,110321.47,224582.82
2025-09-23,231977.39,109400.98,220142.15
2025-09-24,231170.79,109057.59,218410.38
2025-09-25,230996.42,109670.62,218982.56
2025-09-26,232290.88,109862.41,219609.25
2025-09-29,235481.59,109991.92,222216.46
2025-09-30,239453.18,110402.53,225907.16
2025-10-01,240284.74,110768.2,226785.8
2025-10-02,241731.01,110683.65,228088.89
2025-10-03,240749.33,111047.48,227247.24
2025-10-06,241906.81,112003.28,226628.0
2025-10-07,239295.0,111454.11,225510.0
2025-10-08,241347.25,111881.23,228733.15
2025-10-09,242051.47,110768.5,230532.33
2025-10-10,233580.31,107670.22,221254.86
2025-10-13,240609.78,108511.52,226475.62
2025-10-14,235928.25,108481.77,220343.36
2025-10-15,238537.35,108795.64,220942.51
2025-10-16,240018.76,108198.97,222111.06
2025-10-17,241826.15,109430.86,223943.07
2025-10-20,243048.37,111870.92,224986.47
2025-10-21,239111.11,112077.83,223362.91
2025-10-22,239149.88,111488.73,222492.77
2025-10-23,241038.08,111727.92,224242.36
2025-10-24,247024.38,112743.09,228542.69
2025-10-27,254967.1,114869.86,234448.51
2025-10-28,260205.41,116070.7,241966.23
2025-10-29,267544.82,116160.28,247217.46
2025-10-30,268271.86,114779.18,244020.1
2025-10-31,267872.92,113688.29,243314.95
2025-11-03,271930.93,113325.6,246748.02
2025-11-04,263644.04,113236.12,239740.82
2025-11-05,264732.32,112468.06,237544.11
2025-11-06,260373.22,111283.38,231563.5
2025-11-07,257513.92,110979.92,230934.4
2025-11-10,270036.7,112246.27,241008.11
2025-11-11,266850.99,113763.01,237351.65
2025-11-12,265004.98,113660.05,237352.16
2025-11-13,256558.64,112687.02,230651.84
2025-11-14,257622.85,113331.86,233181.63
2025-11-17,259556.03,111996.66,230639.1
2025-11-18,255830.76,110484.84,225876.89
2025-11-19,263326.3,109985.94,230453.68
2025-11-20,257905.06,108643.23,224901.53
2025-11-21,261784.57,109047.58,224913.06
2025-11-24,273421.12,110184.88,230231.89
2025-11-25,272770.33,110734.96,227543.32
2025-11-26,272623.86,111794.97,229584.11
2025-11-28,270644.9,112785.64,227654.33
2025-12-01,269923.38,113096.82,229371.33
2025-12-02,271362.83,114104.94,231054.73
2025-12-03,272036.95,112323.87,229374.36
2025-12-04,273489.3,111942.49,231892.83
2025-12-05,274657.45,111795.2,231496.73
2025-12-08,273069.18,112474.95,233354.34
2025-12-09,274346.4,112436.14,233215.65
2025-12-10,275119.31,111288.03,232290.2
2025-12-11,269471.31,111671.93,229586.23
2025-12-12,264137.56,111179.77,224445.09
2025-12-15,264427.22,109895.3,224752.87
2025-12-16,264534.86,110173.36,225726.87
2025-12-17,255348.89,109562.07,219227.5
2025-12-18,260220.02,110502.14,222703.74
2025-12-19,266922.8,111026.74,228681.89
2025-12-22,269941.49,110349.66,230808.99
2025-12-23,275727.01,110854.26,235687.23
2025-12-24,275214.36,111287.65,235449.77
2025-12-26,276161.67,111167.4,236785.05
2025-12-29,274703.92,111175.73,234992.16
2025-12-30,274409.95,111074.87,234446.84
2025-12-31,273325.33,110393.17,233172.94
2026-01-02,275888.72,109037.23,234639.16
2026-01-05,275963.92,108240.05,234030.44
2026-01-06,274358.15,107835.4,233102.94
2026-01-07,279068.19,107956.09,235241.96
2026-01-08,277609.75,107094.32,232176.81
2026-01-09,278848.31,107292.6,232549.59
2026-01-12,280346.8,107245.81,232941.76
2026-01-13,282781.29,106696.01,233739.33
2026-01-14,280774.1,105222.43,231040.12
2026-01-15,282290.75,104555.15,233461.35
2026-01-16,280474.93,104345.34,232474.35
2026-01-20,271012.85,101902.87,224208.19
2026-01-21,277640.28,100954.58,228605.7
2026-01-22,279695.99,101876.61,230423.51
2026-01-23,280620.72,103444.37,232927.71
2026-01-26,282077.2,105468.98,233451.4
2026-01-27,284139.23,107204.99,235885.75
2026-01-28,286969.65,106936.59,238172.19
2026-01-29,288673.24,102016.4,237129.27
2026-01-30,287555.81,101914.41,235971.9
2026-02-02,286014.33,103362.07,233053.99
2026-02-03,280422.78,101910.13,227968.12
2026-02-04,273011.04,103710.31,223327.84
2026-02-05,270540.21,101326.17,220233.58
2026-02-06,276750.73,102613.71,230440.27
2026-02-09,280771.74,103306.64,234426.97
2026-02-10,277163.6,103072.73,232596.78
2026-02-11,274931.24,102473.92,232742.5
2026-02-12,271801.65,99301.48,228658.39
2026-02-13,267349.23,97993.87,224726.14
2026-02-17,267307.45,99204.2,226500.59
2026-02-18,270079.48,99605.06,229142.13
2026-02-19,269810.96,98787.44,228659.35
2026-02-20,276522.84,99492.05,231701.62
2026-02-23,276258.9,98418.22,232040.69
2026-02-24,276950.23,100171.19,233794.17
2026-02-25,279805.13,101892.22,236869.47
2026-02-26,269595.15,101747.01,228155.08
2026-02-27,265887.91,98911.83,221577.01
2026-03-02,267458.34,99667.33,225350.59
2026-03-03,264396.49,100058.02,223231.67
2026-03-04,266383.56,99939.9,225515.3
2026-03-05,265617.84,100076.87,225472.65
2026-03-06,260552.8,99292.13,220542.02
2026-03-09,267606.87,99850.38,225338.42
2026-03-10,269453.29,99646.66,226886.2
2026-03-11,271108.11,99545.21,227938.85
2026-03-12,266741.21,98150.33,224430.15
2026-03-13,264073.83,96267.91,221280.92
2026-03-16,267680.07,97321.49,224435.24
2026-03-17,269085.52,97558.1,224132.49
2026-03-18,266553.08,95814.6,221718.01
2026-03-19,264963.7,95302.57,220032.61
2026-03-20,257998.02,94308.63,214379.71
2026-03-23,260609.94,95168.96,217219.54
2026-03-24,255198.75,94066.71,215252.65
2026-03-25,257955.46,94084.78,218019.77
2026-03-26,248136.11,93581.26,210935.0
2026-03-27,242536.55,91705.18,206450.17
2026-03-30,240451.97,91491.2,204460.2
2026-03-31,253352.87,94234.49,214360.62
