date,fixed_total,bnh_total,eq_total
2025-05-05,50000.0,50000.0,50000.0
2025-05-06,49672.15,49672.15,49747.46
2025-05-07,49676.73,49676.73,49264.07
2025-05-08,50229.27,50229.27,49710.15
2025-05-09,50293.47,50293.47,49606.08
2025-05-12,51500.56,51500.56,51714.4
2025-05-13,51486.81,51486.81,52561.72
2025-05-14,51922.42,51922.42,53462.9
2025-05-15,52039.56,52039.56,53362.28
2025-05-16,52170.48,52170.48,53631.15
2025-05-19,52698.76,52698.76,53659.74
2025-05-20,52618.38,52618.38,53251.06
2025-05-21,51608.15,51975.25,52757.24
2025-05-22,52011.46,52238.24,53008.34
2025-05-23,51408.45,51700.77,52242.16
2025-05-27,53056.93,52907.78,53585.58
2025-05-28,52786.76,52525.35,53365.47
2025-05-29,54501.81,52676.95,53767.67
2025-05-30,52912.06,52869.88,53475.85
2025-06-02,53793.09,53054.79,53647.19
2025-06-03,55296.69,53169.63,53972.99
2025-06-04,55570.78,53272.99,54143.55
2025-06-05,54815.07,53710.54,53909.88
2025-06-06,55492.47,54020.63,54730.7
2025-06-09,55848.79,54292.81,54910.07
2025-06-10,56369.57,54082.65,55259.68
2025-06-11,55930.98,54277.88,54897.74
2025-06-12,56780.74,54995.66,55194.91
2025-06-13,55594.22,54546.61,54517.84
2025-06-16,56659.35,55026.67,55180.86
2025-06-17,56436.13,54900.34,54824.16
2025-06-18,56782.95,55153.0,54879.56
2025-06-20,55941.61,54826.84,54461.45
2025-06-23,55987.23,55814.5,54728.34
2025-06-24,57319.11,56286.51,55304.4
2025-06-25,59803.34,56534.58,56225.11
2025-06-26,60078.5,57129.48,56637.19
2025-06-27,61136.52,56956.06,57204.76
2025-06-30,61229.54,57124.88,57377.62
2025-07-01,59411.91,56509.31,56948.5
2025-07-02,60942.74,56399.06,57726.66
2025-07-03,61752.73,57289.11,58285.49
2025-07-07,61326.42,57160.48,57731.87
2025-07-08,62008.52,57034.15,57710.05
2025-07-09,63124.67,57825.43,58382.25
2025-07-10,63597.48,57592.3,58599.05
2025-07-11,63915.28,57803.61,58767.97
2025-07-14,63585.86,57769.16,58663.23
2025-07-15,66155.33,58090.73,59314.06
2025-07-16,66415.0,58067.76,59517.36
2025-07-17,67046.71,58766.01,59898.36
2025-07-18,66818.06,58576.52,59949.08
2025-07-21,66418.87,58577.66,60252.73
2025-07-22,64733.02,58027.56,59934.37
2025-07-23,66186.34,58096.46,60292.59
2025-07-24,67333.5,58671.84,60770.13
2025-07-25,67240.48,58996.85,60929.37
2025-07-28,68500.03,58857.88,61156.27
2025-07-29,68019.47,58865.92,61072.34
2025-07-30,69476.67,58942.87,61339.65
2025-07-31,68934.09,61269.62,61282.82
2025-08-01,67325.75,60191.23,60087.94
2025-08-04,69759.58,61515.4,61481.93
2025-08-05,69085.24,60609.27,61046.65
2025-08-06,69534.8,60286.56,61776.29
2025-08-07,70058.0,59815.7,62158.86
2025-08-08,70805.97,59953.5,63211.72
2025-08-11,70557.93,59922.49,63004.98
2025-08-12,70984.25,60780.38,63660.87
2025-08-13,70420.12,59785.84,63464.51
2025-08-14,70648.15,60004.04,63579.03
2025-08-15,70369.82,59738.75,63359.7
2025-08-18,70714.03,59386.17,63364.09
2025-08-19,68873.3,58544.36,62439.62
2025-08-20,67514.11,58079.25,61928.73
2025-08-21,67182.53,58004.46,61801.58
2025-08-22,68036.88,58348.42,62839.26
2025-08-25,67857.65,58006.77,62996.39
2025-08-26,68499.9,57751.4,63191.46
2025-08-27,68612.33,58292.05,63391.02
2025-08-28,69988.02,58625.65,63730.83
2025-08-29,70407.99,58286.3,63124.03
2025-09-02,69892.11,58105.7,62487.01
2025-09-03,76277.81,58132.16,64158.38
2025-09-04,76696.83,58433.54,64571.81
2025-09-05,76668.05,56941.56,63992.35
2025-09-08,76089.1,57309.67,64070.62
2025-09-09,74959.98,57333.82,64480.63
2025-09-10,74816.08,57559.29,64727.34
2025-09-11,75191.46,57632.91,65061.89
2025-09-12,75325.97,58655.56,65549.48
2025-09-15,78707.51,59283.64,66523.48
2025-09-16,78566.74,58556.63,66155.32
2025-09-17,78056.85,58669.36,65702.82
2025-09-18,78838.89,58488.76,66340.96
2025-09-19,79680.37,59579.28,67203.45
2025-09-22,78995.3,59178.96,68188.85
2025-09-23,78723.15,58578.49,67412.55
2025-09-24,77309.22,58684.31,66885.08
2025-09-25,76886.92,58325.41,66969.58
2025-09-26,77121.53,58835.01,67157.42
2025-09-29,76342.62,59196.21,67380.59
2025-09-30,76045.45,59581.58,67870.01
2025-10-01,76608.52,59784.04,68160.18
2025-10-02,76855.64,59327.35,68360.46
2025-10-03,76749.29,59512.55,68309.84
2025-10-06,78338.38,60803.23,68671.01
2025-10-07,76877.54,60275.23,68181.47
2025-10-08,78568.48,60375.3,68640.38
2025-10-09,80005.99,60093.48,68462.06
2025-10-10,76096.47,58777.49,66303.54
2025-10-13,78240.27,59132.95,67589.91
2025-10-14,74796.05,59077.72,66920.85
2025-10-15,74712.97,59061.63,67372.18
2025-10-16,75535.59,58852.26,67354.42
2025-10-17,76121.4,59078.88,67946.8
2025-10-20,75880.42,59448.13,68792.85
2025-10-21,75265.53,59548.22,68337.71
2025-10-22,74028.15,59879.51,68121.68
2025-10-23,74351.83,59881.82,68499.8
2025-10-24,75279.86,60232.66,69608.93
2025-10-27,76995.58,61142.59,71265.57
2025-10-28,77049.99,62356.18,72278.78
2025-10-29,79095.29,62296.36,73269.36
2025-10-30,81085.86,60479.99,72913.88
2025-10-31,81002.3,59565.47,72666.01
2025-11-03,81731.12,59475.74,73144.52
2025-11-04,79950.85,59165.16,71890.95
2025-11-05,81901.07,58340.36,71880.15
2025-11-06,82027.83,57183.13,70900.65
2025-11-07,80322.46,57150.92,70485.34
2025-11-10,83569.0,58206.93,72590.49
2025-11-11,83917.58,58515.21,72529.91
2025-11-12,82592.44,58798.2,72279.0
2025-11-13,80247.56,57895.18,70763.21
2025-11-14,79625.34,58687.77,71051.55
2025-11-17,82105.6,58378.33,70839.94
2025-11-18,81892.44,56802.37,69918.38
2025-11-19,84349.67,56035.1,70840.9
2025-11-20,83381.76,55138.46,69643.05
2025-11-21,86322.96,54411.24,70346.41
2025-11-24,91773.23,54627.91,72263.45
2025-11-25,93173.25,54972.5,72378.57
2025-11-26,92167.89,55953.27,72688.58
2025-11-28,92234.15,56703.54,72698.01
2025-12-01,90710.26,56096.18,72669.03
2025-12-02,90975.27,56471.89,73114.01
2025-12-03,92075.7,55057.79,72839.19
2025-12-04,91496.69,55416.21,72957.01
2025-12-05,92548.13,55683.59,73074.32
2025-12-08,90432.33,56589.44,73001.53
2025-12-09,91400.87,56704.69,73132.44
2025-12-10,92303.12,55153.44,73070.33
2025-12-11,90060.47,55719.31,72448.69
2025-12-12,89155.35,55149.98,71504.1
2025-12-15,88846.9,54722.41,71236.08
2025-12-16,88371.28,54903.35,71289.2
2025-12-17,85531.94,54872.23,69812.62
2025-12-18,87186.54,55778.09,70733.65
2025-12-19,88541.36,56001.67,71851.41
2025-12-22,89296.59,55886.43,72165.29
2025-12-23,90613.93,56108.86,73100.07
2025-12-24,90932.68,56243.69,73174.91
2025-12-26,90923.46,56207.97,73279.13
2025-12-29,90599.44,56137.67,73039.26
2025-12-30,90488.79,56181.46,72956.63
2025-12-31,89986.99,55736.6,72571.7
2026-01-02,91120.88,54505.74,72642.81
2026-01-05,90768.65,54495.37,72553.73
2026-01-06,90344.05,55147.68,72298.52
2026-01-07,91133.12,55719.31,72901.38
2026-01-08,89354.73,55101.58,72565.14
2026-01-09,89332.6,55236.42,72865.7
2026-01-12,89381.04,54994.4,73089.14
2026-01-13,89743.79,54244.13,73282.0
2026-01-14,89709.06,52942.98,72663.17
2026-01-15,88891.67,52629.5,72702.57
2026-01-16,88149.09,52998.29,72388.91
2026-01-20,86012.14,52382.86,70362.73
2026-01-21,87716.36,51183.12,71161.63
2026-01-22,88293.33,51993.32,71688.54
2026-01-23,87596.15,53700.15,72108.04
2026-01-26,89019.9,54199.18,72862.36
2026-01-27,89364.47,55386.25,73552.38
2026-01-28,89754.47,55507.25,73835.78
2026-01-29,90352.81,49960.33,73018.31
2026-01-30,90286.03,49590.39,72831.27
2026-02-02,91805.94,48792.86,73126.99
2026-02-03,90742.8,47391.44,72008.58
2026-02-04,88961.13,47734.88,71423.4
2026-02-05,88482.98,45369.98,70455.46
2026-02-06,86241.86,46230.89,71648.43
2026-02-09,86631.86,47666.88,72327.64
2026-02-10,85098.59,47628.85,71757.48
2026-02-11,85664.5,46603.13,71308.75
2026-02-12,81382.84,46311.56,69970.74
2026-02-13,79532.73,46251.63,69103.67
2026-02-17,82051.36,45737.62,69393.45
2026-02-18,82197.51,46053.4,69886.42
2026-02-19,81025.25,46026.83,69621.99
2026-02-20,82269.02,45884.75,70793.62
2026-02-23,82766.52,44410.82,70392.51
2026-02-24,84619.75,44934.09,70965.13
2026-02-25,85269.62,46274.03,71802.75
2026-02-26,84871.61,46403.4,70420.37
2026-02-27,82144.64,45366.1,69301.63
2026-03-02,82312.55,46037.23,69614.97
2026-03-03,82010.94,46658.68,69188.92
2026-03-04,82589.56,46805.38,69477.33
2026-03-05,82129.07,47438.38,69311.9
2026-03-06,81052.59,47239.7,68340.23
2026-03-09,81762.61,47291.69,69494.62
2026-03-10,81631.21,46870.07,69666.61
2026-03-11,81454.17,46768.42,69843.1
2026-03-12,80846.6,46419.57,68765.79
2026-03-13,79577.15,45690.69,67936.15
2026-03-16,80462.35,46198.95,68756.23
2026-03-17,80353.71,46136.57,69060.64
2026-03-18,79359.86,45256.37,68168.58
2026-03-19,79121.13,44936.4,67830.0
2026-03-20,77570.12,44110.49,66556.95
2026-03-23,77833.45,44241.02,67205.18
2026-03-24,75044.33,43055.87,66187.48
2026-03-25,74702.07,42859.5,66598.79
2026-03-26,73681.32,42273.86,65019.24
2026-03-27,71829.06,41211.14,63673.71
2026-03-30,72269.98,41464.11,63318.82
2026-03-31,74526.91,42759.0,65939.41
2026-04-01,75067.24,42666.59,66821.13
2026-04-02,75152.4,43139.04,66985.98
2026-04-06,76015.74,43072.04,67456.53
2026-04-07,74441.75,43003.89,67552.13
2026-04-08,76027.49,43239.53,69247.83
2026-04-09,76494.4,43093.99,69601.32
2026-04-10,76491.47,42839.86,69880.32
2026-04-13,76115.6,44399.27,70555.22
2026-04-14,76006.93,45408.84,72230.09
2026-04-15,76968.12,47500.76,73595.29
2026-04-16,76716.98,48544.99,73569.08
2026-04-17,78009.22,48837.24,74763.15
2026-04-20,77036.62,48292.02,74544.1
2026-04-21,75865.38,48995.49,73749.02
2026-04-22,76859.81,50007.37,75092.7
2026-04-23,75774.28,48024.03,74382.01
2026-04-24,79049.84,49048.62,75660.89
2026-04-27,82215.33,49071.72,76609.26
2026-04-28,80909.66,49583.44,76469.16
2026-04-29,79421.81,49030.14,75994.55
2026-04-30,75747.72,47103.4,77075.46
2026-05-01,75322.61,47872.71,77664.88
