date,ticker,shares,price,value,total_value
2025-05-05,AAPL,0.0,197.8446502685547,0.0,50000.0
2025-05-05,MSFT,115.762,431.92071533203125,50000.0,50000.0
2025-05-05,GOOGL,0.0,163.54489135742188,0.0,50000.0
2025-05-05,NVDA,0.0,113.66071319580078,0.0,50000.0
2025-05-05,SPY,0.0,555.6917114257812,0.0,50000.0
2025-05-05,AGG,0.0,93.37956237792969,0.0,50000.0
2025-05-05,IAU,0.0,62.790000915527344,0.0,50000.0
2025-05-06,AAPL,0.0,197.4666290283203,0.0,49672.15
2025-05-06,MSFT,115.762,429.0885925292969,49672.15,49672.15
2025-05-06,GOOGL,0.0,162.56886291503906,0.0,49672.15
2025-05-06,NVDA,0.0,113.38111114501953,0.0,49672.15
2025-05-06,SPY,0.0,551.047119140625,0.0,49672.15
2025-05-06,AGG,0.0,93.60875701904297,0.0,49672.15
2025-05-06,IAU,0.0,64.56999969482422,0.0,49672.15
2025-05-07,AAPL,0.0,195.21852111816406,0.0,49676.73
2025-05-07,MSFT,115.762,429.1282043457031,49676.73,49676.73
2025-05-07,GOOGL,0.0,150.766845703125,0.0,49676.73
2025-05-07,NVDA,0.0,116.89617919921875,0.0,49676.73
2025-05-07,SPY,0.0,553.3645629882812,0.0,49676.73
2025-05-07,AGG,0.0,93.75200653076172,0.0,49676.73
2025-05-07,IAU,0.0,63.61000061035156,0.0,49676.73
2025-05-08,AAPL,0.0,196.45199584960938,0.0,50229.27
2025-05-08,MSFT,115.762,433.9012451171875,50229.27,50229.27
2025-05-08,GOOGL,0.0,153.65509033203125,0.0,50229.27
2025-05-08,NVDA,0.0,117.20574951171875,0.0,50229.27
2025-05-08,SPY,0.0,557.2202758789062,0.0,50229.27
2025-05-08,AGG,0.0,93.26496124267578,0.0,50229.27
2025-05-08,IAU,0.0,62.34000015258789,0.0,50229.27
2025-05-09,AAPL,0.0,197.48654174804688,0.0,50293.47
2025-05-09,MSFT,115.762,434.455810546875,50293.47,50293.47
2025-05-09,GOOGL,0.0,152.13131713867188,0.0,50293.47
2025-05-09,NVDA,0.0,116.48676300048828,0.0,50293.47
2025-05-09,SPY,0.0,556.51025390625,0.0,50293.47
2025-05-09,AGG,0.0,93.3604736328125,0.0,50293.47
2025-05-09,IAU,0.0,62.77000045776367,0.0,50293.47
2025-05-12,AAPL,0.0,209.95704650878906,0.0,51500.56
2025-05-12,MSFT,115.762,444.8831787109375,51500.56,51500.56
2025-05-12,GOOGL,0.0,157.8181915283203,0.0,51500.56
2025-05-12,NVDA,0.0,122.82786560058594,0.0,51500.56
2025-05-12,SPY,0.0,574.9015502929688,0.0,51500.56
2025-05-12,AGG,0.0,93.04532623291016,0.0,51500.56
2025-05-12,IAU,0.0,61.0,0.0,51500.56
2025-05-13,AAPL,0.0,212.08859252929688,0.0,51486.81
2025-05-13,MSFT,115.762,444.764404296875,51486.81,51486.81
2025-05-13,GOOGL,0.0,158.8838348388672,0.0,51486.81
2025-05-13,NVDA,0.0,129.7481689453125,0.0,51486.81
2025-05-13,SPY,0.0,578.6981811523438,0.0,51486.81
2025-05-13,AGG,0.0,92.94982147216797,0.0,51486.81
2025-05-13,IAU,0.0,61.279998779296875,0.0,51486.81
2025-05-14,AAPL,0.0,211.490966796875,0.0,51922.42
2025-05-14,MSFT,115.762,448.52734375,51922.42,51922.42
2025-05-14,GOOGL,0.0,164.7001953125,0.0,51922.42
2025-05-14,NVDA,0.0,135.1505889892578,0.0,51922.42
2025-05-14,SPY,0.0,579.437744140625,0.0,51922.42
2025-05-14,AGG,0.0,92.68241882324219,0.0,51922.42
2025-05-14,IAU,0.0,59.970001220703125,0.0,51922.42
2025-05-15,AAPL,0.0,210.6144561767578,0.0,52039.56
2025-05-15,MSFT,115.762,449.53924560546875,52039.56,52039.56
2025-05-15,GOOGL,0.0,163.2958984375,0.0,52039.56
2025-05-15,NVDA,0.0,134.6413116455078,0.0,52039.56
2025-05-15,SPY,0.0,582.2678833007812,0.0,52039.56
2025-05-15,AGG,0.0,93.2076644897461,0.0,52039.56
2025-05-15,IAU,0.0,60.93000030517578,0.0,52039.56
2025-05-16,AAPL,0.0,210.42520141601562,0.0,52170.48
2025-05-16,MSFT,115.762,450.6702575683594,52170.48,52170.48
2025-05-16,GOOGL,0.0,165.51686096191406,0.0,52170.48
2025-05-16,NVDA,0.0,135.2105255126953,0.0,52170.48
2025-05-16,SPY,0.0,585.9559936523438,0.0,52170.48
2025-05-16,AGG,0.0,93.26496124267578,0.0,52170.48
2025-05-16,IAU,0.0,60.20000076293945,0.0,52170.48
2025-05-19,AAPL,0.0,207.9550018310547,0.0,52698.76
2025-05-19,MSFT,115.762,455.2337646484375,52698.76,52698.76
2025-05-19,GOOGL,0.0,165.8654327392578,0.0,52698.76
2025-05-19,NVDA,0.0,135.38027954101562,0.0,52698.76
2025-05-19,SPY,0.0,586.596923828125,0.0,52698.76
2025-05-19,AGG,0.0,93.23631286621094,0.0,52698.76
2025-05-19,IAU,0.0,60.970001220703125,0.0,52698.76
2025-05-20,AAPL,0.0,206.04258728027344,0.0,52618.38
2025-05-20,MSFT,0.0,454.53936767578125,0.0,52618.38
2025-05-20,GOOGL,0.0,163.31581115722656,0.0,52618.38
2025-05-20,NVDA,392.1129,134.19192504882812,52618.38,52618.38
2025-05-20,SPY,0.0,584.6246948242188,0.0,52618.38
2025-05-20,AGG,0.0,93.07395935058594,0.0,52618.38
2025-05-20,IAU,0.0,62.119998931884766,0.0,52618.38
2025-05-21,AAPL,0.0,201.2914276123047,0.0,51608.15
2025-05-21,MSFT,0.0,448.98370361328125,0.0,51608.15
2025-05-21,GOOGL,0.0,167.8772735595703,0.0,51608.15
2025-05-21,NVDA,392.1129,131.6155548095703,51608.15,51608.15
2025-05-21,SPY,0.0,574.7733154296875,0.0,51608.15
2025-05-21,AGG,0.0,92.46276092529297,0.0,51608.15
2025-05-21,IAU,0.0,62.59000015258789,0.0,51608.15
2025-05-22,AAPL,0.0,200.56431579589844,0.0,52011.46
2025-05-22,MSFT,0.0,451.2555847167969,0.0,52011.46
2025-05-22,GOOGL,0.0,170.1779022216797,0.0,52011.46
2025-05-22,NVDA,392.1129,132.64410400390625,52011.46,52011.46
2025-05-22,SPY,0.0,575.0001831054688,0.0,52011.46
2025-05-22,AGG,0.0,92.73015594482422,0.0,52011.46
2025-05-22,IAU,0.0,62.029998779296875,0.0,52011.46
2025-05-23,AAPL,0.0,194.49838256835938,0.0,51408.45
2025-05-23,MSFT,0.0,446.6126403808594,0.0,51408.45
2025-05-23,GOOGL,0.0,167.78762817382812,0.0,51408.45
2025-05-23,NVDA,392.1129,131.1062469482422,51408.45,51408.45
2025-05-23,SPY,0.0,571.0753173828125,0.0,51408.45
2025-05-23,AGG,0.0,92.86385345458984,0.0,51408.45
2025-05-23,IAU,0.0,63.380001068115234,0.0,51408.45
2025-05-27,AAPL,0.0,199.4188690185547,0.0,53056.93
2025-05-27,MSFT,0.0,457.0393371582031,0.0,53056.93
2025-05-27,GOOGL,0.0,172.19967651367188,0.0,53056.93
2025-05-27,NVDA,392.1129,135.31036376953125,53056.93,53056.93
2025-05-27,SPY,0.0,582.9483642578125,0.0,53056.93
2025-05-27,AGG,0.0,93.28406524658203,0.0,53056.93
2025-05-27,IAU,0.0,62.310001373291016,0.0,53056.93
2025-05-28,AAPL,0.0,199.62803649902344,0.0,52786.76
2025-05-28,MSFT,0.0,453.7357482910156,0.0,52786.76
2025-05-28,GOOGL,0.0,171.66188049316406,0.0,52786.76
2025-05-28,NVDA,392.1129,134.621337890625,52786.76,52786.76
2025-05-28,SPY,0.0,579.5757446289062,0.0,52786.76
2025-05-28,AGG,0.0,93.1121597290039,0.0,52786.76
2025-05-28,IAU,0.0,62.16999816894531,0.0,52786.76
2025-05-29,AAPL,0.0,199.15988159179688,0.0,54501.81
2025-05-29,MSFT,0.0,455.0453186035156,0.0,54501.81
2025-05-29,GOOGL,0.0,171.16390991210938,0.0,54501.81
2025-05-29,NVDA,392.1129,138.99520874023438,54501.81,54501.81
2025-05-29,SPY,0.0,581.8635864257812,0.0,54501.81
2025-05-29,AGG,0.0,93.4559555053711,0.0,54501.81
2025-05-29,IAU,0.0,62.540000915527344,0.0,54501.81
2025-05-30,AAPL,0.0,200.05633544921875,0.0,52912.06
2025-05-30,MSFT,0.0,456.7119445800781,0.0,52912.06
2025-05-30,GOOGL,0.0,171.04440307617188,0.0,52912.06
2025-05-30,NVDA,392.1129,134.94090270996094,52912.06,52912.06
2025-05-30,SPY,0.0,581.2128295898438,0.0,52912.06
2025-05-30,AGG,0.0,93.68517303466797,0.0,52912.06
2025-05-30,IAU,0.0,62.15999984741211,0.0,52912.06
2025-06-02,AAPL,0.0,200.90296936035156,0.0,53793.09
2025-06-02,MSFT,0.0,458.3092346191406,0.0,53793.09
2025-06-02,GOOGL,0.0,168.34536743164062,0.0,53793.09
2025-06-02,NVDA,392.1129,137.18775939941406,53793.09,53793.09
2025-06-02,SPY,0.0,584.4866943359375,0.0,53793.09
2025-06-02,AGG,0.0,93.43893432617188,0.0,53793.09
2025-06-02,IAU,0.0,63.77000045776367,0.0,53793.09
2025-06-03,AAPL,0.0,202.46676635742188,0.0,55296.69
2025-06-03,MSFT,0.0,459.3013000488281,0.0,55296.69
2025-06-03,GOOGL,0.0,165.50689697265625,0.0,55296.69
2025-06-03,NVDA,392.1129,141.02236938476562,55296.69,55296.69
2025-06-03,SPY,0.0,587.8197631835938,0.0,55296.69
2025-06-03,AGG,0.0,93.37184143066406,0.0,55296.69
2025-06-03,IAU,0.0,63.22999954223633,0.0,55296.69
2025-06-04,AAPL,0.0,202.01856994628906,0.0,55570.78
2025-06-04,MSFT,0.0,460.1941223144531,0.0,55570.78
2025-06-04,GOOGL,0.0,167.3693389892578,0.0,55570.78
2025-06-04,NVDA,392.1129,141.7213897705078,55570.78,55570.78
2025-06-04,SPY,0.0,587.6619262695312,0.0,55570.78
2025-06-04,AGG,0.0,93.92757415771484,0.0,55570.78
2025-06-04,IAU,0.0,63.619998931884766,0.0,55570.78
2025-06-05,AAPL,0.0,199.83721923828125,0.0,54815.07
2025-06-05,MSFT,0.0,463.97393798828125,0.0,54815.07
2025-06-05,GOOGL,0.0,167.52870178222656,0.0,54815.07
2025-06-05,NVDA,392.1129,139.7941131591797,54815.07,54815.07
2025-06-05,SPY,0.0,584.8219604492188,0.0,54815.07
2025-06-05,AGG,0.0,93.68803405761719,0.0,54815.07
2025-06-05,IAU,0.0,63.290000915527344,0.0,54815.07
2025-06-06,AAPL,0.0,203.11419677734375,0.0,55492.47
2025-06-06,MSFT,0.0,466.6525573730469,0.0,55492.47
2025-06-06,GOOGL,0.0,172.97653198242188,0.0,55492.47
2025-06-06,NVDA,392.1129,141.52166748046875,55492.47,55492.47
2025-06-06,SPY,0.0,590.8274536132812,0.0,55492.47
2025-06-06,AGG,0.0,93.2089614868164,0.0,55492.47
2025-06-06,IAU,0.0,62.470001220703125,0.0,55492.47
2025-06-09,AAPL,0.0,200.65394592285156,0.0,55848.79
2025-06-09,MSFT,0.0,469.0038146972656,0.0,55848.79
2025-06-09,GOOGL,0.0,175.58909606933594,0.0,55848.79
2025-06-09,NVDA,392.1129,142.43040466308594,55848.79,55848.79
2025-06-09,SPY,0.0,591.3599243164062,0.0,55848.79
2025-06-09,AGG,0.0,93.32393646240234,0.0,55848.79
2025-06-09,IAU,0.0,62.7400016784668,0.0,55848.79
2025-06-10,AAPL,0.0,201.869140625,0.0,56369.57
2025-06-10,MSFT,0.0,467.1883239746094,0.0,56369.57
2025-06-10,GOOGL,0.0,178.09194946289062,0.0,56369.57
2025-06-10,NVDA,392.1129,143.758544921875,56369.57,56369.57
2025-06-10,SPY,0.0,594.7127685546875,0.0,56369.57
2025-06-10,AGG,0.0,93.53475189208984,0.0,56369.57
2025-06-10,IAU,0.0,62.77000045776367,0.0,56369.57
2025-06-11,AAPL,0.0,197.9945068359375,0.0,55930.98
2025-06-11,MSFT,0.0,468.87481689453125,0.0,55930.98
2025-06-11,GOOGL,0.0,176.8455047607422,0.0,55930.98
2025-06-11,NVDA,392.1129,142.6400146484375,55930.98,55930.98
2025-06-11,SPY,0.0,593.0166625976562,0.0,55930.98
2025-06-11,AGG,0.0,93.85092163085938,0.0,55930.98
2025-06-11,IAU,0.0,63.119998931884766,0.0,55930.98
2025-06-12,AAPL,0.0,198.41285705566406,0.0,56780.74
2025-06-12,MSFT,0.0,475.0753173828125,0.0,56780.74
2025-06-12,GOOGL,0.0,175.2001953125,0.0,56780.74
2025-06-12,NVDA,392.1129,144.80712890625,56780.74,56780.74
2025-06-12,SPY,0.0,595.3734741210938,0.0,56780.74
2025-06-12,AGG,0.0,94.19586181640625,0.0,56780.74
2025-06-12,IAU,0.0,63.88999938964844,0.0,56780.74
2025-06-13,AAPL,0.0,195.67372131347656,0.0,55594.22
2025-06-13,MSFT,0.0,471.1962585449219,0.0,55594.22
2025-06-13,GOOGL,0.0,174.17311096191406,0.0,55594.22
2025-06-13,NVDA,392.1129,141.78115844726562,55594.22,55594.22
2025-06-13,SPY,0.0,588.7171020507812,0.0,55594.22
2025-06-13,AGG,0.0,93.8604965209961,0.0,55594.22
2025-06-13,IAU,0.0,64.73999786376953,0.0,55594.22
2025-06-16,AAPL,0.0,197.6359405517578,0.0,56659.35
2025-06-16,MSFT,0.0,475.3431701660156,0.0,56659.35
2025-06-16,GOOGL,0.0,176.2671661376953,0.0,56659.35
2025-06-16,NVDA,392.1129,144.49754333496094,56659.35,56659.35
2025-06-16,SPY,0.0,594.318359375,0.0,56659.35
2025-06-16,AGG,0.0,93.66889190673828,0.0,56659.35
2025-06-16,IAU,0.0,63.79999923706055,0.0,56659.35
2025-06-17,AAPL,0.0,194.86692810058594,0.0,56436.13
2025-06-17,MSFT,0.0,474.25189208984375,0.0,56436.13
2025-06-17,GOOGL,43.4175,175.44947814941406,7617.58,56436.13
2025-06-17,NVDA,339.1867,143.92828369140625,48818.56,56436.13
2025-06-17,SPY,0.0,589.2398681640625,0.0,56436.13
2025-06-17,AGG,0.0,93.9563217163086,0.0,56436.13
2025-06-17,IAU,0.0,63.81999969482422,0.0,56436.13
2025-06-18,AAPL,0.0,195.80320739746094,0.0,56782.95
2025-06-18,MSFT,0.0,476.4344482421875,0.0,56782.95
2025-06-18,GOOGL,43.4175,172.8269805908203,7503.71,56782.95
2025-06-18,NVDA,339.1867,145.28648376464844,49279.24,56782.95
2025-06-18,SPY,0.0,589.1510620117188,0.0,56782.95
2025-06-18,AGG,0.0,94.02338409423828,0.0,56782.95
2025-06-18,IAU,0.0,63.47999954223633,0.0,56782.95
2025-06-20,AAPL,0.0,200.20574951171875,0.0,55941.61
2025-06-20,MSFT,0.0,473.616943359375,0.0,55941.61
2025-06-20,GOOGL,43.4175,166.1659698486328,7214.51,55941.61
2025-06-20,NVDA,339.1867,143.65866088867188,48727.1,55941.61
2025-06-20,SPY,0.0,587.7673950195312,0.0,55941.61
2025-06-20,AGG,0.0,94.109619140625,0.0,55941.61
2025-06-20,IAU,0.0,63.45000076293945,0.0,55941.61
2025-06-23,AAPL,0.0,200.70375061035156,0.0,55987.23
2025-06-23,MSFT,0.0,482.1488037109375,0.0,55987.23
2025-06-23,GOOGL,43.4175,164.72007751464844,7151.73,55987.23
2025-06-23,NVDA,339.1867,143.97824096679688,48835.5,55987.23
2025-06-23,SPY,0.0,593.572998046875,0.0,55987.23
2025-06-23,AGG,0.0,94.30123901367188,0.0,55987.23
2025-06-23,IAU,0.0,63.66999816894531,0.0,55987.23
2025-06-24,AAPL,0.0,199.50851440429688,0.0,57319.11
2025-06-24,MSFT,0.0,486.2261962890625,0.0,57319.11
2025-06-24,GOOGL,0.0,166.2956085205078,0.0,57319.11
2025-06-24,NVDA,388.0694,147.7032470703125,57319.11,57319.11
2025-06-24,SPY,0.0,600.1304321289062,0.0,57319.11
2025-06-24,AGG,0.0,94.68452453613281,0.0,57319.11
2025-06-24,IAU,0.0,62.68000030517578,0.0,57319.11
2025-06-25,AAPL,0.0,200.76353454589844,0.0,59803.34
2025-06-25,MSFT,0.0,488.369140625,0.0,59803.34
2025-06-25,GOOGL,0.0,170.1944580078125,0.0,59803.34
2025-06-25,NVDA,388.0694,154.10475158691406,59803.34,59803.34
2025-06-25,SPY,0.0,600.4667358398438,0.0,59803.34
2025-06-25,AGG,0.0,94.6749267578125,0.0,59803.34
2025-06-25,IAU,0.0,62.849998474121094,0.0,59803.34
2025-06-26,AAPL,0.0,200.20574951171875,0.0,60078.5
2025-06-26,MSFT,0.0,493.5080871582031,0.0,60078.5
2025-06-26,GOOGL,0.0,173.0463409423828,0.0,60078.5
2025-06-26,NVDA,388.0694,154.8137969970703,60078.5,60078.5
2025-06-26,SPY,0.0,605.1646118164062,0.0,60078.5
2025-06-26,AGG,0.0,94.93362426757812,0.0,60078.5
2025-06-26,IAU,0.0,62.79999923706055,0.0,60078.5
2025-06-27,AAPL,0.0,200.28543090820312,0.0,61136.52
2025-06-27,MSFT,0.0,492.0100402832031,0.0,61136.52
2025-06-27,GOOGL,0.0,178.02212524414062,0.0,61136.52
2025-06-27,NVDA,388.0694,157.54017639160156,61136.52,61136.52
2025-06-27,SPY,0.0,608.1713256835938,0.0,61136.52
2025-06-27,AGG,0.0,94.66533660888672,0.0,61136.52
2025-06-27,IAU,0.0,61.650001525878906,0.0,61136.52
2025-06-30,AAPL,0.0,204.3592529296875,0.0,61229.54
2025-06-30,MSFT,0.0,493.4684143066406,0.0,61229.54
2025-06-30,GOOGL,0.0,175.72869873046875,0.0,61229.54
2025-06-30,NVDA,388.0694,157.7798614501953,61229.54,61229.54
2025-06-30,SPY,0.0,611.0791015625,0.0,61229.54
2025-06-30,AGG,0.0,95.04862213134766,0.0,61229.54
2025-06-30,IAU,0.0,62.36000061035156,0.0,61229.54
2025-07-01,AAPL,0.0,206.99879455566406,0.0,59411.91
2025-07-01,MSFT,0.0,488.1508483886719,0.0,59411.91
2025-07-01,GOOGL,0.0,175.33978271484375,0.0,59411.91
2025-07-01,NVDA,388.0694,153.09609985351562,59411.91,59411.91
2025-07-01,SPY,0.0,610.8812255859375,0.0,59411.91
2025-07-01,AGG,0.0,94.96113586425781,0.0,59411.91
2025-07-01,IAU,0.0,62.91999816894531,0.0,59411.91
2025-07-02,AAPL,0.0,211.60052490234375,0.0,60942.74
2025-07-02,MSFT,0.0,487.198486328125,0.0,60942.74
2025-07-02,GOOGL,0.0,178.13182067871094,0.0,60942.74
2025-07-02,NVDA,388.0694,157.04083251953125,60942.74,60942.74
2025-07-02,SPY,0.0,613.6505737304688,0.0,60942.74
2025-07-02,AGG,0.0,94.84577941894531,0.0,60942.74
2025-07-02,IAU,0.0,63.310001373291016,0.0,60942.74
2025-07-03,AAPL,0.0,212.70616149902344,0.0,61752.73
2025-07-03,MSFT,0.0,494.8870544433594,0.0,61752.73
2025-07-03,GOOGL,0.0,179.019287109375,0.0,61752.73
2025-07-03,NVDA,388.0694,159.1280517578125,61752.73,61752.73
2025-07-03,SPY,0.0,618.4869995117188,0.0,61752.73
2025-07-03,AGG,0.0,94.65353393554688,0.0,61752.73
2025-07-03,IAU,0.0,62.869998931884766,0.0,61752.73
2025-07-07,AAPL,0.0,209.12037658691406,0.0,61326.42
2025-07-07,MSFT,0.0,493.77593994140625,0.0,61326.42
2025-07-07,GOOGL,0.0,176.28709411621094,0.0,61326.42
2025-07-07,NVDA,388.0694,158.02952575683594,61326.42,61326.42
2025-07-07,SPY,0.0,613.8780517578125,0.0,61326.42
2025-07-07,AGG,0.0,94.31710052490234,0.0,61326.42
2025-07-07,IAU,0.0,62.91999816894531,0.0,61326.42
2025-07-08,AAPL,0.0,209.18014526367188,0.0,62008.52
2025-07-08,MSFT,0.0,492.6846008300781,0.0,62008.52
2025-07-08,GOOGL,0.0,173.864013671875,0.0,62008.52
2025-07-08,NVDA,388.0694,159.7871856689453,62008.52,62008.52
2025-07-08,SPY,0.0,613.5418701171875,0.0,62008.52
2025-07-08,AGG,0.0,94.27864837646484,0.0,62008.52
2025-07-08,IAU,0.0,62.2599983215332,0.0,62008.52
2025-07-09,AAPL,0.0,210.30567932128906,0.0,63124.67
2025-07-09,MSFT,0.0,499.5200500488281,0.0,63124.67
2025-07-09,GOOGL,0.0,176.11758422851562,0.0,63124.67
2025-07-09,NVDA,388.0694,162.66334533691406,63124.67,63124.67
2025-07-09,SPY,0.0,617.220947265625,0.0,63124.67
2025-07-09,AGG,0.0,94.67276000976562,0.0,63124.67
2025-07-09,IAU,0.0,62.52000045776367,0.0,63124.67
2025-07-10,AAPL,0.0,211.57064819335938,0.0,63597.48
2025-07-10,MSFT,0.0,497.5061340332031,0.0,63597.48
2025-07-10,GOOGL,0.0,177.11471557617188,0.0,63597.48
2025-07-10,NVDA,388.0694,163.88172912597656,63597.48,63597.48
2025-07-10,SPY,0.0,618.9617309570312,0.0,63597.48
2025-07-10,AGG,0.0,94.6439437866211,0.0,63597.48
2025-07-10,IAU,0.0,62.66999816894531,0.0,63597.48
2025-07-11,AAPL,0.0,210.32559204101562,0.0,63915.28
2025-07-11,MSFT,0.0,499.3315734863281,0.0,63915.28
2025-07-11,GOOGL,0.0,179.67742919921875,0.0,63915.28
2025-07-11,NVDA,388.0694,164.7006378173828,63915.28,63915.28
2025-07-11,SPY,0.0,616.7857666015625,0.0,63915.28
2025-07-11,AGG,0.0,94.24982452392578,0.0,63915.28
2025-07-11,IAU,0.0,63.29999923706055,0.0,63915.28
2025-07-14,AAPL,0.0,207.79562377929688,0.0,63585.86
2025-07-14,MSFT,0.0,499.033935546875,0.0,63585.86
2025-07-14,GOOGL,0.0,181.04351806640625,0.0,63585.86
2025-07-14,NVDA,388.0694,163.85177612304688,63585.86,63585.86
2025-07-14,SPY,0.0,617.9627685546875,0.0,63585.86
2025-07-14,AGG,0.0,94.2402114868164,0.0,63585.86
2025-07-14,IAU,0.0,63.04999923706055,0.0,63585.86
2025-07-15,AAPL,0.0,208.28370666503906,0.0,66155.33
2025-07-15,MSFT,0.0,501.811767578125,0.0,66155.33
2025-07-15,GOOGL,0.0,181.48228454589844,0.0,66155.33
2025-07-15,NVDA,388.0694,170.4729461669922,66155.33,66155.33
2025-07-15,SPY,0.0,615.322021484375,0.0,66155.33
2025-07-15,AGG,0.0,93.9614486694336,0.0,66155.33
2025-07-15,IAU,0.0,62.779998779296875,0.0,66155.33
2025-07-16,AAPL,0.0,209.32955932617188,0.0,66415.0
2025-07-16,MSFT,0.0,501.61334228515625,0.0,66415.0
2025-07-16,GOOGL,0.0,182.4495086669922,0.0,66415.0
2025-07-16,NVDA,388.0694,171.14205932617188,66415.0,66415.0
2025-07-16,SPY,0.0,617.3792724609375,0.0,66415.0
2025-07-16,AGG,0.0,94.09602355957031,0.0,66415.0
2025-07-16,IAU,0.0,63.11000061035156,0.0,66415.0
2025-07-17,AAPL,0.0,209.19009399414062,0.0,67046.71
2025-07-17,MSFT,0.0,507.6451721191406,0.0,67046.71
2025-07-17,GOOGL,0.0,183.0577850341797,0.0,67046.71
2025-07-17,NVDA,388.0694,172.7698974609375,67046.71,67046.71
2025-07-17,SPY,0.0,621.1573486328125,0.0,67046.71
2025-07-17,AGG,0.0,94.13446807861328,0.0,67046.71
2025-07-17,IAU,0.0,62.959999084472656,0.0,67046.71
2025-07-18,AAPL,0.0,210.3455047607422,0.0,66818.06
2025-07-18,MSFT,0.0,506.00823974609375,0.0,66818.06
2025-07-18,GOOGL,0.0,184.5335693359375,0.0,66818.06
2025-07-18,NVDA,388.0694,172.18069458007812,66818.06,66818.06
2025-07-18,SPY,0.0,620.7025146484375,0.0,66818.06
2025-07-18,AGG,0.0,94.30748748779297,0.0,66818.06
2025-07-18,IAU,0.0,63.130001068115234,0.0,66818.06
2025-07-21,AAPL,0.0,211.64036560058594,0.0,66418.88
2025-07-21,MSFT,0.0,506.01812744140625,0.0,66418.88
2025-07-21,GOOGL,0.0,189.55923461914062,0.0,66418.88
2025-07-21,NVDA,388.0694,171.1520538330078,66418.88,66418.88
2025-07-21,SPY,0.0,621.8794555664062,0.0,66418.88
2025-07-21,AGG,0.0,94.5670394897461,0.0,66418.88
2025-07-21,IAU,0.0,64.08999633789062,0.0,66418.88
2025-07-22,AAPL,0.0,213.55279541015625,0.0,64733.02
2025-07-22,MSFT,0.0,501.2660827636719,0.0,64733.02
2025-07-22,GOOGL,0.0,190.7957000732422,0.0,64733.02
2025-07-22,NVDA,388.0694,166.80784606933594,64733.02,64733.02
2025-07-22,SPY,0.0,621.9684448242188,0.0,64733.02
2025-07-22,AGG,0.0,94.74967193603516,0.0,64733.02
2025-07-22,IAU,0.0,64.69999694824219,0.0,64733.02
2025-07-23,AAPL,0.0,213.30377197265625,0.0,66186.34
2025-07-23,MSFT,0.0,501.861328125,0.0,66186.34
2025-07-23,GOOGL,0.0,189.68885803222656,0.0,66186.34
2025-07-23,NVDA,388.0694,170.55284118652344,66186.34,66186.34
2025-07-23,SPY,0.0,627.259765625,0.0,66186.34
2025-07-23,AGG,0.0,94.53817749023438,0.0,66186.34
2025-07-23,IAU,0.0,63.90999984741211,0.0,66186.34
2025-07-24,AAPL,0.0,212.91531372070312,0.0,67333.5
2025-07-24,MSFT,0.0,506.8316345214844,0.0,67333.5
2025-07-24,GOOGL,0.0,191.6233367919922,0.0,67333.5
2025-07-24,NVDA,388.0694,173.5089111328125,67333.5,67333.5
2025-07-24,SPY,0.0,627.4674072265625,0.0,67333.5
2025-07-24,AGG,0.0,94.48050689697266,0.0,67333.5
2025-07-24,IAU,0.0,63.529998779296875,0.0,67333.5
2025-07-25,AAPL,0.0,213.0348358154297,0.0,67240.49
2025-07-25,MSFT,0.0,509.6392517089844,0.0,67240.49
2025-07-25,GOOGL,0.0,192.63046264648438,0.0,67240.49
2025-07-25,NVDA,388.0694,173.26922607421875,67240.49,67240.49
2025-07-25,SPY,0.0,630.1181030273438,0.0,67240.49
2025-07-25,AGG,0.0,94.63432312011719,0.0,67240.49
2025-07-25,IAU,0.0,62.90999984741211,0.0,67240.49
2025-07-28,AAPL,0.0,213.2041778564453,0.0,68500.03
2025-07-28,MSFT,0.0,508.43878173828125,0.0,68500.03
2025-07-28,GOOGL,0.0,192.0321807861328,0.0,68500.03
2025-07-28,NVDA,388.0694,176.514892578125,68500.03,68500.03
2025-07-28,SPY,0.0,629.9598999023438,0.0,68500.03
2025-07-28,AGG,0.0,94.50934600830078,0.0,68500.03
2025-07-28,IAU,0.0,62.52000045776367,0.0,68500.03
2025-07-29,AAPL,0.0,210.43516540527344,0.0,68019.47
2025-07-29,MSFT,0.0,508.50823974609375,0.0,68019.47
2025-07-29,GOOGL,0.0,195.1931610107422,0.0,68019.47
2025-07-29,NVDA,388.0694,175.27655029296875,68019.47,68019.47
2025-07-29,SPY,0.0,628.2982788085938,0.0,68019.47
2025-07-29,AGG,0.0,95.01881408691406,0.0,68019.47
2025-07-29,IAU,0.0,62.689998626708984,0.0,68019.47
2025-07-30,AAPL,0.0,208.22393798828125,0.0,69476.67
2025-07-30,MSFT,0.0,509.17291259765625,0.0,69476.67
2025-07-30,GOOGL,0.0,195.970947265625,0.0,69476.67
2025-07-30,NVDA,388.0694,179.03155517578125,69476.67,69476.67
2025-07-30,SPY,0.0,627.5070190429688,0.0,69476.67
2025-07-30,AGG,0.0,94.74967193603516,0.0,69476.67
2025-07-30,IAU,0.0,61.619998931884766,0.0,69476.67
2025-07-31,AAPL,0.0,206.74978637695312,0.0,68934.09
2025-07-31,MSFT,0.0,529.2723388671875,0.0,68934.09
2025-07-31,GOOGL,0.0,191.35411071777344,0.0,68934.09
2025-07-31,NVDA,388.0694,177.63340759277344,68934.09,68934.09
2025-07-31,SPY,0.0,625.1531372070312,0.0,68934.09
2025-07-31,AGG,0.0,94.79773712158203,0.0,68934.09
2025-07-31,IAU,0.0,62.0099983215332,0.0,68934.09
2025-08-01,AAPL,0.0,201.58030700683594,0.0,67325.75
2025-08-01,MSFT,0.0,519.956787109375,0.0,67325.75
2025-08-01,GOOGL,0.0,188.5919952392578,0.0,67325.75
2025-08-01,NVDA,388.0694,173.4889373779297,67325.75,67325.75
2025-08-01,SPY,0.0,614.9066162109375,0.0,67325.75
2025-08-01,AGG,0.0,95.6175308227539,0.0,67325.75
2025-08-01,IAU,0.0,63.290000915527344,0.0,67325.75
2025-08-04,AAPL,0.0,202.5464630126953,0.0,69759.58
2025-08-04,MSFT,0.0,531.3955078125,0.0,69759.58
2025-08-04,GOOGL,0.0,194.4851531982422,0.0,69759.58
2025-08-04,NVDA,388.0694,179.76058959960938,69759.58,69759.58
2025-08-04,SPY,0.0,624.2530517578125,0.0,69759.58
2025-08-04,AGG,0.0,95.69469451904297,0.0,69759.58
2025-08-04,IAU,0.0,63.63999938964844,0.0,69759.58
2025-08-05,AAPL,0.0,202.11814880371094,0.0,69085.24
2025-08-05,MSFT,0.0,523.5679931640625,0.0,69085.24
2025-08-05,GOOGL,0.0,194.1162109375,0.0,69085.24
2025-08-05,NVDA,388.0694,178.02288818359375,69085.24,69085.24
2025-08-05,SPY,0.0,621.0880737304688,0.0,69085.24
2025-08-05,AGG,0.0,95.72361755371094,0.0,69085.24
2025-08-05,IAU,0.0,63.689998626708984,0.0,69085.24
2025-08-06,AAPL,0.0,212.40733337402344,0.0,69534.8
2025-08-06,MSFT,0.0,520.7802734375,0.0,69534.8
2025-08-06,GOOGL,0.0,195.5321807861328,0.0,69534.8
2025-08-06,NVDA,388.0694,179.1813507080078,69534.8,69534.8
2025-08-06,SPY,0.0,625.845458984375,0.0,69534.8
2025-08-06,AGG,0.0,95.68502807617188,0.0,69534.8
2025-08-06,IAU,0.0,63.560001373291016,0.0,69534.8
2025-08-07,AAPL,0.0,219.16053771972656,0.0,70058.0
2025-08-07,MSFT,0.0,516.7127685546875,0.0,70058.0
2025-08-07,GOOGL,0.0,195.96096801757812,0.0,70058.0
2025-08-07,NVDA,388.0694,180.52955627441406,70058.0,70058.0
2025-08-07,SPY,0.0,625.3211669921875,0.0,70058.0
2025-08-07,AGG,0.0,95.6078872680664,0.0,70058.0
2025-08-07,IAU,0.0,64.08000183105469,0.0,70058.0
2025-08-08,AAPL,0.0,228.4437255859375,0.0,70805.97
2025-08-08,MSFT,0.0,517.9031982421875,0.0,70805.97
2025-08-08,GOOGL,0.0,200.84701538085938,0.0,70805.97
2025-08-08,NVDA,388.0694,182.4569854736328,70805.97,70805.97
2025-08-08,SPY,0.0,630.197265625,0.0,70805.97
2025-08-08,AGG,0.0,95.42464447021484,0.0,70805.97
2025-08-08,IAU,0.0,64.05999755859375,0.0,70805.97
2025-08-11,AAPL,0.0,226.53909301757812,0.0,70557.93
2025-08-11,MSFT,0.0,517.6353149414062,0.0,70557.93
2025-08-11,GOOGL,0.0,200.42822265625,0.0,70557.93
2025-08-11,NVDA,388.0694,181.8178253173828,70557.93,70557.93
2025-08-11,SPY,0.0,628.9509887695312,0.0,70557.93
2025-08-11,AGG,0.0,95.49215698242188,0.0,70557.93
2025-08-11,IAU,0.0,63.16999816894531,0.0,70557.93
2025-08-12,AAPL,0.0,229.0021209716797,0.0,70984.25
2025-08-12,MSFT,0.0,525.046142578125,0.0,70984.25
2025-08-12,GOOGL,122.4819,202.76156616210938,24834.63,70984.25
2025-08-12,NVDA,252.299,182.9163818359375,46149.62,70984.25
2025-08-12,SPY,0.0,635.6468505859375,0.0,70984.25
2025-08-12,AGG,0.0,95.49215698242188,0.0,70984.25
2025-08-12,IAU,0.0,63.099998474121094,0.0,70984.25
2025-08-13,AAPL,0.0,232.6717529296875,0.0,70420.12
2025-08-13,MSFT,0.0,516.454833984375,0.0,70420.12
2025-08-13,GOOGL,122.4819,201.385498046875,24666.09,70420.12
2025-08-13,NVDA,252.299,181.34844970703125,45754.03,70420.12
2025-08-13,SPY,0.0,637.82275390625,0.0,70420.12
2025-08-13,AGG,0.0,95.83935546875,0.0,70420.12
2025-08-13,IAU,0.0,63.290000915527344,0.0,70420.12
2025-08-14,AAPL,0.0,232.12330627441406,0.0,70648.15
2025-08-14,MSFT,0.0,518.3397216796875,0.0,70648.15
2025-08-14,GOOGL,122.4819,202.36270141601562,24785.78,70648.15
2025-08-14,NVDA,252.299,181.7778778076172,45862.38,70648.15
2025-08-14,SPY,0.0,637.882080078125,0.0,70648.15
2025-08-14,AGG,0.0,95.56930541992188,0.0,70648.15
2025-08-14,IAU,0.0,62.900001525878906,0.0,70648.15
2025-08-15,AAPL,0.0,230.93667602539062,0.0,70369.82
2025-08-15,MSFT,0.0,516.0480346679688,0.0,70369.82
2025-08-15,GOOGL,122.4819,203.31996154785156,24903.03,70369.82
2025-08-15,NVDA,252.299,180.20997619628906,45466.8,70369.82
2025-08-15,SPY,0.0,636.388671875,0.0,70369.82
2025-08-15,AGG,0.0,95.42464447021484,0.0,70369.82
2025-08-15,IAU,0.0,62.939998626708984,0.0,70369.82
2025-08-18,AAPL,0.0,230.23863220214844,0.0,70714.03
2025-08-18,MSFT,0.0,513.0023193359375,0.0,70714.03
2025-08-18,GOOGL,122.4819,202.92111206054688,24854.17,70714.03
2025-08-18,NVDA,252.299,181.7678985595703,45859.86,70714.03
2025-08-18,SPY,0.0,636.2501831054688,0.0,70714.03
2025-08-18,AGG,0.0,95.31854248046875,0.0,70714.03
2025-08-18,IAU,0.0,62.84000015258789,0.0,70714.03
2025-08-19,AAPL,299.5669,229.90957641601562,68873.31,68873.31
2025-08-19,MSFT,0.0,505.7304382324219,0.0,68873.31
2025-08-19,GOOGL,0.0,200.99661254882812,0.0,68873.31
2025-08-19,NVDA,0.0,175.4063720703125,0.0,68873.31
2025-08-19,SPY,0.0,632.7984008789062,0.0,68873.31
2025-08-19,AGG,0.0,95.50180053710938,0.0,68873.31
2025-08-19,IAU,0.0,62.4900016784668,0.0,68873.31
2025-08-20,AAPL,299.5669,225.3723907470703,67514.12,67514.12
2025-08-20,MSFT,0.0,501.71258544921875,0.0,67514.12
2025-08-20,GOOGL,0.0,198.7530059814453,0.0,67514.12
2025-08-20,NVDA,0.0,175.16668701171875,0.0,67514.12
2025-08-20,SPY,0.0,631.1170043945312,0.0,67514.12
2025-08-20,AGG,0.0,95.55966186523438,0.0,67514.12
2025-08-20,IAU,0.0,63.130001068115234,0.0,67514.12
2025-08-21,AAPL,299.5669,224.26551818847656,67182.53,67182.53
2025-08-21,MSFT,0.0,501.06658935546875,0.0,67182.53
2025-08-21,GOOGL,0.0,199.18177795410156,0.0,67182.53
2025-08-21,NVDA,0.0,174.7472381591797,0.0,67182.53
2025-08-21,SPY,0.0,628.5850830078125,0.0,67182.53
2025-08-21,AGG,0.0,95.33783721923828,0.0,67182.53
2025-08-21,IAU,0.0,62.900001525878906,0.0,67182.53
2025-08-22,AAPL,299.5669,227.11746215820312,68036.88,68036.88
2025-08-22,MSFT,0.0,504.037841796875,0.0,68036.88
2025-08-22,GOOGL,0.0,205.5037384033203,0.0,68036.88
2025-08-22,NVDA,0.0,177.75326538085938,0.0,68036.88
2025-08-22,SPY,0.0,638.2381591796875,0.0,68036.88
2025-08-22,AGG,0.0,95.8682861328125,0.0,68036.88
2025-08-22,IAU,0.0,63.58000183105469,0.0,68036.88
2025-08-25,AAPL,299.5669,226.5191650390625,67857.65,67857.65
2025-08-25,MSFT,0.0,501.0865173339844,0.0,67857.65
2025-08-25,GOOGL,0.0,207.8969268798828,0.0,67857.65
2025-08-25,NVDA,0.0,179.57083129882812,0.0,67857.65
2025-08-25,SPY,0.0,635.42919921875,0.0,67857.65
2025-08-25,AGG,0.0,95.72361755371094,0.0,67857.65
2025-08-25,IAU,0.0,63.439998626708984,0.0,67857.65
2025-08-26,AAPL,0.0,228.6630859375,0.0,68499.9
2025-08-26,MSFT,0.0,498.8804931640625,0.0,68499.9
2025-08-26,GOOGL,331.6371,206.55076599121094,68499.9,68499.9
2025-08-26,NVDA,0.0,181.52822875976562,0.0,68499.9
2025-08-26,SPY,0.0,638.0897216796875,0.0,68499.9
2025-08-26,AGG,0.0,95.83935546875,0.0,68499.9
2025-08-26,IAU,0.0,63.880001068115234,0.0,68499.9
2025-08-27,AAPL,0.0,229.8397674560547,0.0,68612.33
2025-08-27,MSFT,0.0,503.5509033203125,0.0,68612.33
2025-08-27,GOOGL,331.6371,206.88978576660156,68612.33,68612.33
2025-08-27,NVDA,0.0,181.3584442138672,0.0,68612.33
2025-08-27,SPY,0.0,639.543701171875,0.0,68612.33
2025-08-27,AGG,0.0,95.93580627441406,0.0,68612.33
2025-08-27,IAU,0.0,64.01000213623047,0.0,68612.33
2025-08-28,AAPL,0.0,231.90391540527344,0.0,69988.02
2025-08-28,MSFT,0.0,506.43267822265625,0.0,69988.02
2025-08-28,GOOGL,331.6371,211.0379638671875,69988.02,69988.02
2025-08-28,NVDA,0.0,179.93035888671875,0.0,69988.02
2025-08-28,SPY,0.0,641.8085327148438,0.0,69988.02
2025-08-28,AGG,0.0,96.05155181884766,0.0,69988.02
2025-08-28,IAU,0.0,64.48999786376953,0.0,69988.02
2025-08-29,AAPL,0.0,231.485107421875,0.0,70408.0
2025-08-29,MSFT,0.0,503.501220703125,0.0,70408.0
2025-08-29,GOOGL,331.6371,212.30433654785156,70408.0,70408.0
2025-08-29,NVDA,0.0,173.94830322265625,0.0,70408.0
2025-08-29,SPY,0.0,637.98095703125,0.0,70408.0
2025-08-29,AGG,0.0,95.92616271972656,0.0,70408.0
2025-08-29,IAU,0.0,65.0999984741211,0.0,70408.0
2025-09-02,AAPL,0.0,229.07192993164062,0.0,69892.12
2025-09-02,MSFT,0.0,501.9410705566406,0.0,69892.12
2025-09-02,GOOGL,331.6371,210.748779296875,69892.12,69892.12
2025-09-02,NVDA,0.0,170.55284118652344,0.0,69892.12
2025-09-02,SPY,0.0,633.2533569335938,0.0,69892.12
2025-09-02,AGG,0.0,95.67166900634766,0.0,69892.12
2025-09-02,IAU,0.0,66.6500015258789,0.0,69892.12
2025-09-03,AAPL,320.7683,237.7972412109375,76277.82,76277.82
2025-09-03,MSFT,0.0,502.1696472167969,0.0,76277.82
2025-09-03,GOOGL,0.0,230.0038604736328,0.0,76277.82
2025-09-03,NVDA,0.0,170.39306640625,0.0,76277.82
2025-09-03,SPY,0.0,636.685302734375,0.0,76277.82
2025-09-03,AGG,0.0,96.02001953125,0.0,76277.82
2025-09-03,IAU,0.0,67.19999694824219,0.0,76277.82
2025-09-04,AAPL,320.7683,239.10354614257812,76696.84,76696.84
2025-09-04,MSFT,0.0,504.7731628417969,0.0,76696.84
2025-09-04,GOOGL,0.0,231.63919067382812,0.0,76696.84
2025-09-04,NVDA,0.0,171.4316864013672,0.0,76696.84
2025-09-04,SPY,0.0,642.00634765625,0.0,76696.84
2025-09-04,AGG,0.0,96.4070816040039,0.0,76696.84
2025-09-04,IAU,0.0,66.91000366210938,0.0,76696.84
2025-09-05,AAPL,320.7683,239.01380920410156,76668.05,76668.05
2025-09-05,MSFT,0.0,491.8847961425781,0.0,76668.05
2025-09-05,GOOGL,0.0,234.3314971923828,0.0,76668.05
2025-09-05,NVDA,0.0,166.79786682128906,0.0,76668.05
2025-09-05,SPY,0.0,640.1469116210938,0.0,76668.05
2025-09-05,AGG,0.0,96.86187744140625,0.0,76668.05
2025-09-05,IAU,0.0,67.76000213623047,0.0,76668.05
2025-09-08,AAPL,320.7683,237.20892333984375,76089.1,76089.1
2025-09-08,MSFT,0.0,495.06463623046875,0.0,76089.1
2025-09-08,GOOGL,0.0,233.5829620361328,0.0,76089.1
2025-09-08,NVDA,0.0,168.08612060546875,0.0,76089.1
2025-09-08,SPY,0.0,641.719482421875,0.0,76089.1
2025-09-08,AGG,0.0,97.19088745117188,0.0,76089.1
2025-09-08,IAU,0.0,68.54000091552734,0.0,76089.1
2025-09-09,AAPL,0.0,233.6888885498047,0.0,74959.99
2025-09-09,GOOGL,313.4276,239.1620635986328,74959.99,74959.99
2025-09-09,NVDA,0.0,170.53285217285156,0.0,74959.99
2025-09-09,SPY,0.0,643.203125,0.0,74959.99
2025-09-09,AGG,0.0,96.99734497070312,0.0,74959.99
2025-09-09,IAU,0.0,68.41000366210938,0.0,74959.99
2025-09-09,SMR,0.0,35.34000015258789,0.0,74959.99
2025-09-10,AAPL,0.0,226.1501922607422,0.0,74816.09
2025-09-10,GOOGL,313.4276,238.70294189453125,74816.09,74816.09
2025-09-10,NVDA,0.0,177.09413146972656,0.0,74816.09
2025-09-10,SPY,0.0,645.0624389648438,0.0,74816.09
2025-09-10,AGG,0.0,97.19088745117188,0.0,74816.09
2025-09-10,IAU,0.0,68.63999938964844,0.0,74816.09
2025-09-10,SMR,0.0,34.310001373291016,0.0,74816.09
2025-09-11,AAPL,0.0,229.3810577392578,0.0,75191.47
2025-09-11,GOOGL,313.4276,239.90060424804688,75191.47,75191.47
2025-09-11,NVDA,0.0,176.9443359375,0.0,75191.47
2025-09-11,SPY,0.0,650.4231567382812,0.0,75191.47
2025-09-11,AGG,0.0,97.3747329711914,0.0,75191.47
2025-09-11,IAU,0.0,68.52999877929688,0.0,75191.47
2025-09-11,SMR,0.0,35.18000030517578,0.0,75191.47
2025-09-12,AAPL,0.0,233.40966796875,0.0,75325.98
2025-09-12,GOOGL,313.4276,240.3297576904297,75325.98,75325.98
2025-09-12,NVDA,0.0,177.59349060058594,0.0,75325.98
2025-09-12,SPY,0.0,650.20556640625,0.0,75325.98
2025-09-12,AGG,0.0,97.28763580322266,0.0,75325.98
2025-09-12,IAU,0.0,68.68000030517578,0.0,75325.98
2025-09-12,SMR,0.0,36.34000015258789,0.0,75325.98
2025-09-15,AAPL,0.0,236.03224182128906,0.0,78707.51
2025-09-15,GOOGL,313.4276,251.11865234375,78707.51,78707.51
2025-09-15,NVDA,0.0,177.52357482910156,0.0,78707.51
2025-09-15,SPY,0.0,653.6671142578125,0.0,78707.51
2025-09-15,AGG,0.0,97.45214080810547,0.0,78707.51
2025-09-15,IAU,0.0,69.37999725341797,0.0,78707.51
2025-09-15,SMR,0.0,39.09000015258789,0.0,78707.51
2025-09-16,AAPL,0.0,237.4781494140625,0.0,78566.75
2025-09-16,GOOGL,313.4276,250.66954040527344,78566.75,78566.75
2025-09-16,NVDA,0.0,174.65724182128906,0.0,78566.75
2025-09-16,SPY,0.0,652.76708984375,0.0,78566.75
2025-09-16,AGG,0.0,97.49085235595703,0.0,78566.75
2025-09-16,IAU,0.0,69.54000091552734,0.0,78566.75
2025-09-16,SMR,0.0,37.2599983215332,0.0,78566.75
2025-09-17,AAPL,0.0,238.3157958984375,0.0,78056.86
2025-09-17,GOOGL,313.4276,249.04270935058594,78056.86,78056.86
2025-09-17,NVDA,0.0,170.0730743408203,0.0,78056.86
2025-09-17,SPY,0.0,651.9561767578125,0.0,78056.86
2025-09-17,AGG,0.0,97.3166732788086,0.0,78056.86
2025-09-17,IAU,0.0,69.0,0.0,78056.86
2025-09-17,SMR,0.0,36.130001068115234,0.0,78056.86
2025-09-18,AAPL,0.0,237.20892333984375,0.0,78838.9
2025-09-18,GOOGL,313.4276,251.537841796875,78838.9,78838.9
2025-09-18,NVDA,0.0,176.01551818847656,0.0,78838.9
2025-09-18,SPY,0.0,655.0023803710938,0.0,78838.9
2025-09-18,AGG,0.0,97.04573059082031,0.0,78838.9
2025-09-18,IAU,0.0,68.70999908447266,0.0,78838.9
2025-09-18,SMR,0.0,38.119998931884766,0.0,78838.9
2025-09-19,AAPL,0.0,244.80740356445312,0.0,79680.37
2025-09-19,GOOGL,313.4276,254.22259521484375,79680.37,79680.37
2025-09-19,NVDA,0.0,176.4449462890625,0.0,79680.37
2025-09-19,SPY,0.0,658.2465209960938,0.0,79680.37
2025-09-19,AGG,0.0,97.04573059082031,0.0,79680.37
2025-09-19,IAU,0.0,69.44000244140625,0.0,79680.37
2025-09-19,SMR,0.0,46.77000045776367,0.0,79680.37
2025-09-22,AAPL,0.0,255.35755920410156,0.0,78995.3
2025-09-22,GOOGL,313.4276,252.03684997558594,78995.3,78995.3
2025-09-22,NVDA,0.0,183.37611389160156,0.0,78995.3
2025-09-22,SPY,0.0,661.3607177734375,0.0,78995.3
2025-09-22,AGG,0.0,96.92960357666016,0.0,78995.3
2025-09-22,IAU,0.0,70.62999725341797,0.0,78995.3
2025-09-22,SMR,0.0,45.0,0.0,78995.3
2025-09-23,AAPL,0.0,253.7122344970703,0.0,78723.16
2025-09-23,GOOGL,189.1575,251.16856384277344,47510.41,78723.16
2025-09-23,NVDA,0.0,178.2027130126953,0.0,78723.16
2025-09-23,SPY,0.0,657.7605590820312,0.0,78723.16
2025-09-23,AGG,0.0,97.08442687988281,0.0,78723.16
2025-09-23,IAU,0.0,70.94000244140625,0.0,78723.16
2025-09-23,SMR,749.5857,41.63999938964844,31212.75,78723.16
2025-09-24,AAPL,0.0,251.59820556640625,0.0,76393.15
2025-09-24,GOOGL,189.1575,246.65737915039062,46657.09,76393.15
2025-09-24,NVDA,0.0,176.74456787109375,0.0,76393.15
2025-09-24,SPY,0.0,655.6678466796875,0.0,76393.15
2025-09-24,AGG,0.0,96.90057373046875,0.0,76393.15
2025-09-24,IAU,0.0,70.29000091552734,0.0,76393.15
2025-09-24,SMR,749.5857,39.66999816894531,29736.06,76393.15
2025-09-25,AAPL,0.0,256.1453552246094,0.0,74661.6
2025-09-25,GOOGL,189.1575,245.3100128173828,46402.22,74661.6
2025-09-25,NVDA,0.0,177.4636688232422,0.0,74661.6
2025-09-25,SPY,0.0,652.6429443359375,0.0,74661.6
2025-09-25,AGG,0.0,96.76510620117188,0.0,74661.6
2025-09-25,IAU,0.0,70.58000183105469,0.0,74661.6
2025-09-25,SMR,749.5857,37.70000076293945,28259.38,74661.6
2025-09-26,AAPL,0.0,254.73931884765625,0.0,75028.07
2025-09-26,GOOGL,189.1575,246.0585479736328,46543.81,75028.07
2025-09-26,NVDA,0.0,177.96302795410156,0.0,75028.07
2025-09-26,SPY,0.0,656.3818969726562,0.0,75028.07
2025-09-26,AGG,0.0,96.83284759521484,0.0,75028.07
2025-09-26,IAU,0.0,70.98999786376953,0.0,75028.07
2025-09-26,SMR,749.5857,38.0,28484.25,75028.07
2025-09-29,AAPL,0.0,253.7122344970703,0.0,74677.92
2025-09-29,GOOGL,189.1575,243.5734100341797,46073.73,74677.92
2025-09-29,NVDA,0.0,181.61837768554688,0.0,74677.92
2025-09-29,SPY,0.0,658.2266845703125,0.0,74677.92
2025-09-29,AGG,0.0,97.01670837402344,0.0,74677.92
2025-09-29,IAU,0.0,72.16000366210938,0.0,74677.92
2025-09-29,SMR,749.5857,38.15999984741211,28604.19,74677.92
2025-09-30,AAPL,0.0,253.9116668701172,0.0,72879.47
2025-09-30,GOOGL,300.3787,242.6252899169922,72879.47,72879.47
2025-09-30,NVDA,0.0,186.3423309326172,0.0,72879.47
2025-09-30,SPY,0.0,660.7060546875,0.0,72879.47
2025-09-30,AGG,0.0,97.00703430175781,0.0,72879.47
2025-09-30,IAU,0.0,72.7699966430664,0.0,72879.47
2025-09-30,SMR,0.0,36.0,0.0,72879.47
2025-10-01,AAPL,0.0,254.72933959960938,0.0,73419.09
2025-10-01,GOOGL,300.3787,244.4217529296875,73419.09,73419.09
2025-10-01,NVDA,0.0,187.00149536132812,0.0,73419.09
2025-10-01,SPY,0.0,662.9574584960938,0.0,73419.09
2025-10-01,AGG,0.0,97.25457000732422,0.0,73419.09
2025-10-01,IAU,0.0,72.87999725341797,0.0,73419.09
2025-10-01,SMR,0.0,36.61000061035156,0.0,73419.09
2025-10-02,AAPL,0.0,256.40460205078125,0.0,73655.92
2025-10-02,GOOGL,300.3787,245.210205078125,73655.92,73655.92
2025-10-02,NVDA,0.0,188.64939880371094,0.0,73655.92
2025-10-02,SPY,0.0,663.7210693359375,0.0,73655.92
2025-10-02,AGG,0.0,97.36136627197266,0.0,73655.92
2025-10-02,IAU,0.0,72.6500015258789,0.0,73655.92
2025-10-02,SMR,0.0,39.5099983215332,0.0,73655.92
2025-10-03,AAPL,0.0,257.2920837402344,0.0,73554.0
2025-10-03,GOOGL,300.3787,244.8708953857422,73554.0,73554.0
2025-10-03,NVDA,0.0,187.38099670410156,0.0,73554.0
2025-10-03,SPY,0.0,663.7113037109375,0.0,73554.0
2025-10-03,AGG,0.0,97.25457000732422,0.0,73554.0
2025-10-03,IAU,0.0,73.22000122070312,0.0,73554.0
2025-10-03,SMR,0.0,40.119998931884766,0.0,73554.0
2025-10-06,AAPL,0.0,255.96585083007812,0.0,75076.94
2025-10-06,GOOGL,300.3787,249.94094848632812,75076.94,75076.94
2025-10-06,NVDA,0.0,185.30364990234375,0.0,75076.94
2025-10-06,SPY,0.0,666.0914916992188,0.0,75076.94
2025-10-06,AGG,0.0,97.04100036621094,0.0,75076.94
2025-10-06,IAU,0.0,74.62000274658203,0.0,75076.94
2025-10-06,SMR,0.0,41.939998626708984,0.0,75076.94
2025-10-07,AAPL,0.0,255.7564697265625,0.0,73676.91
2025-10-07,GOOGL,0.0,245.2800750732422,0.0,73676.91
2025-10-07,NVDA,0.0,184.80429077148438,0.0,73676.91
2025-10-07,SPY,0.0,663.6220092773438,0.0,73676.91
2025-10-07,AGG,0.0,97.2060317993164,0.0,73676.91
2025-10-07,IAU,0.0,75.01000213623047,0.0,73676.91
2025-10-07,SMR,1879.0337,39.209999084472656,73676.91,73676.91
2025-10-08,AAPL,0.0,257.33197021484375,0.0,71779.09
2025-10-08,GOOGL,0.0,244.14230346679688,0.0,71779.09
2025-10-08,NVDA,0.0,188.86911010742188,0.0,71779.09
2025-10-08,SPY,0.0,667.5791625976562,0.0,71779.09
2025-10-08,AGG,0.0,97.21574401855469,0.0,71779.09
2025-10-08,IAU,0.0,76.22000122070312,0.0,71779.09
2025-10-08,SMR,1879.0337,38.20000076293945,71779.09,71779.09
2025-10-09,AAPL,0.0,253.32330322265625,0.0,76307.56
2025-10-09,GOOGL,0.0,241.05833435058594,0.0,76307.56
2025-10-09,NVDA,0.0,192.32470703125,0.0,76307.56
2025-10-09,SPY,0.0,665.6452026367188,0.0,76307.56
2025-10-09,AGG,0.0,97.0992431640625,0.0,76307.56
2025-10-09,IAU,0.0,74.83000183105469,0.0,76307.56
2025-10-09,SMR,1879.0337,40.61000061035156,76307.56,76307.56
2025-10-10,AAPL,0.0,244.57806396484375,0.0,73733.29
2025-10-10,GOOGL,0.0,236.10804748535156,0.0,73733.29
2025-10-10,NVDA,0.0,182.92669677734375,0.0,73733.29
2025-10-10,SPY,0.0,647.6542358398438,0.0,73733.29
2025-10-10,AGG,0.0,97.49727630615234,0.0,73733.29
2025-10-10,IAU,0.0,75.58000183105469,0.0,73733.29
2025-10-10,SMR,1879.0337,39.2400016784668,73733.29,73733.29
2025-10-13,AAPL,0.0,246.96131896972656,0.0,84594.1
2025-10-13,GOOGL,0.0,243.6732177734375,0.0,84594.1
2025-10-13,NVDA,0.0,188.0801239013672,0.0,84594.1
2025-10-13,SPY,0.0,657.5919189453125,0.0,84594.1
2025-10-13,AGG,0.0,97.68172454833984,0.0,84594.1
2025-10-13,IAU,0.0,77.43000030517578,0.0,84594.1
2025-10-13,SMR,1879.0337,45.02000045776367,84594.1,84594.1
2025-10-14,AAPL,0.0,247.07101440429688,0.0,86040.96
2025-10-14,GOOGL,0.0,244.97067260742188,0.0,86040.96
2025-10-14,NVDA,0.0,179.8006591796875,0.0,86040.96
2025-10-14,SPY,0.0,656.78857421875,0.0,86040.96
2025-10-14,AGG,0.0,97.8370590209961,0.0,86040.96
2025-10-14,IAU,766.0331,78.02999877929688,59773.57,86040.96
2025-10-14,SMR,573.6491,45.790000915527344,26267.39,86040.96
2025-10-15,AAPL,0.0,248.63658142089844,0.0,91411.82
2025-10-15,GOOGL,0.0,250.53977966308594,0.0,91411.82
2025-10-15,NVDA,0.0,179.60093688964844,0.0,91411.82
2025-10-15,SPY,0.0,659.7044067382812,0.0,91411.82
2025-10-15,AGG,0.0,97.79823303222656,0.0,91411.82
2025-10-15,IAU,766.0331,79.31999969482422,60761.75,91411.82
2025-10-15,SMR,573.6491,53.43000030517578,30650.07,91411.82
2025-10-16,AAPL,0.0,246.75192260742188,0.0,89492.23
2025-10-16,GOOGL,0.0,250.9689483642578,0.0,89492.23
2025-10-16,NVDA,0.0,181.5784149169922,0.0,89492.23
2025-10-16,SPY,0.0,655.211669921875,0.0,89492.23
2025-10-16,AGG,0.0,98.14771270751953,0.0,89492.23
2025-10-16,IAU,766.0331,81.1500015258789,62163.59,89492.23
2025-10-16,SMR,573.6491,47.63999938964844,27328.64,89492.23
2025-10-17,AAPL,0.0,251.57826232910156,0.0,86383.19
2025-10-17,GOOGL,0.0,252.8053436279297,0.0,86383.19
2025-10-17,NVDA,0.0,182.9866180419922,0.0,86383.19
2025-10-17,SPY,0.0,658.9308471679688,0.0,86383.19
2025-10-17,AGG,0.0,98.01179504394531,0.0,86383.19
2025-10-17,IAU,766.0331,79.62999725341797,60999.22,86383.19
2025-10-17,SMR,573.6491,44.25,25383.97,86383.19
2025-10-20,AAPL,0.0,261.5001525878906,0.0,88558.76
2025-10-20,GOOGL,0.0,256.04901123046875,0.0,88558.76
2025-10-20,NVDA,0.0,182.4073486328125,0.0,88558.76
2025-10-20,SPY,0.0,665.7840576171875,0.0,88558.76
2025-10-20,AGG,0.0,98.17683410644531,0.0,88558.76
2025-10-20,IAU,766.0331,82.5,63197.73,88558.76
2025-10-20,SMR,573.6491,44.209999084472656,25361.02,88558.76
2025-10-21,AAPL,0.0,262.0286865234375,0.0,81286.56
2025-10-21,GOOGL,0.0,249.9709014892578,0.0,81286.56
2025-10-21,NVDA,0.0,180.92922973632812,0.0,81286.56
2025-10-21,SPY,0.0,665.7741088867188,0.0,81286.56
2025-10-21,AGG,0.0,98.27391052246094,0.0,81286.56
2025-10-21,IAU,1050.4854,77.37999725341797,81286.56,81286.56
2025-10-21,SMR,0.0,38.369998931884766,0.0,81286.56
2025-10-22,AAPL,0.0,257.72088623046875,0.0,81181.51
2025-10-22,GOOGL,0.0,251.19850158691406,0.0,81181.51
2025-10-22,NVDA,0.0,180.05035400390625,0.0,81181.51
2025-10-22,SPY,0.0,662.312744140625,0.0,81181.51
2025-10-22,AGG,0.0,98.26422119140625,0.0,81181.51
2025-10-22,IAU,1050.4854,77.27999877929688,81181.51,81181.51
2025-10-22,SMR,0.0,34.720001220703125,0.0,81181.51
2025-10-23,AAPL,0.0,258.84771728515625,0.0,81465.14
2025-10-23,GOOGL,0.0,252.58580017089844,0.0,81465.14
2025-10-23,NVDA,0.0,181.92796325683594,0.0,81465.14
2025-10-23,SPY,0.0,666.2402954101562,0.0,81465.14
2025-10-23,AGG,0.0,98.0894546508789,0.0,81465.14
2025-10-23,IAU,1050.4854,77.55000305175781,81465.14,81465.14
2025-10-23,SMR,0.0,37.560001373291016,0.0,81465.14
2025-10-24,AAPL,0.0,262.07855224609375,0.0,81213.02
2025-10-24,GOOGL,0.0,259.4124450683594,0.0,81213.02
2025-10-24,NVDA,0.0,186.02272033691406,0.0,81213.02
2025-10-24,SPY,0.0,671.6851806640625,0.0,81213.02
2025-10-24,AGG,0.0,98.18653106689453,0.0,81213.02
2025-10-24,IAU,1050.4854,77.30999755859375,81213.02,81213.02
2025-10-24,SMR,0.0,37.72999954223633,0.0,81213.02
2025-10-27,AAPL,0.0,268.0516357421875,0.0,78943.98
2025-10-27,GOOGL,0.0,268.744140625,0.0,78943.98
2025-10-27,NVDA,0.0,191.24607849121094,0.0,78943.98
2025-10-27,SPY,0.0,679.6094970703125,0.0,78943.98
2025-10-27,AGG,0.0,98.25450897216797,0.0,78943.98
2025-10-27,IAU,1050.4854,75.1500015258789,78943.98,78943.98
2025-10-27,SMR,0.0,38.709999084472656,0.0,78943.98
2025-10-28,AAPL,0.0,268.2410888671875,0.0,78355.7
2025-10-28,GOOGL,293.5245,266.94769287109375,78355.7,78355.7
2025-10-28,NVDA,0.0,200.77394104003906,0.0,78355.7
2025-10-28,SPY,0.0,681.41455078125,0.0,78355.7
2025-10-28,AGG,0.0,98.31273651123047,0.0,78355.7
2025-10-28,IAU,0.0,74.58999633789062,0.0,78355.7
2025-10-28,SMR,0.0,42.119998931884766,0.0,78355.7
2025-10-29,AAPL,0.0,268.93914794921875,0.0,80435.66
2025-10-29,GOOGL,293.5245,274.0338439941406,80435.66,80435.66
2025-10-29,NVDA,0.0,206.77627563476562,0.0,80435.66
2025-10-29,SPY,0.0,681.7418212890625,0.0,80435.66
2025-10-29,AGG,0.0,97.84677124023438,0.0,80435.66
2025-10-29,IAU,0.0,74.30999755859375,0.0,80435.66
2025-10-29,SMR,0.0,43.16999816894531,0.0,80435.66
2025-10-30,AAPL,0.0,270.63433837890625,0.0,82459.96
2025-10-30,GOOGL,293.5245,280.93035888671875,82459.96,82459.96
2025-10-30,NVDA,0.0,202.63156127929688,0.0,82459.96
2025-10-30,SPY,0.0,674.2440185546875,0.0,82459.96
2025-10-30,AGG,0.0,97.66232299804688,0.0,82459.96
2025-10-30,IAU,0.0,75.79000091552734,0.0,82459.96
2025-10-30,SMR,0.0,42.25,0.0,82459.96
2025-10-31,AAPL,0.0,269.60723876953125,0.0,82374.98
2025-10-31,GOOGL,293.5245,280.640869140625,82374.98,82374.98
2025-10-31,NVDA,0.0,202.23207092285156,0.0,82374.98
2025-10-31,SPY,0.0,676.4556884765625,0.0,82374.98
2025-10-31,AGG,0.0,97.60405731201172,0.0,82374.98
2025-10-31,IAU,0.0,75.38999938964844,0.0,82374.98
2025-10-31,SMR,0.0,44.869998931884766,0.0,82374.98
2025-11-03,AAPL,0.0,268.2909851074219,0.0,83116.16
2025-11-03,GOOGL,293.5245,283.16595458984375,83116.16,83116.16
2025-11-03,NVDA,0.0,206.61647033691406,0.0,83116.16
2025-11-03,SPY,0.0,677.7251586914062,0.0,83116.16
2025-11-03,AGG,0.0,97.48426818847656,0.0,83116.16
2025-11-03,IAU,0.0,75.54000091552734,0.0,83116.16
2025-11-03,SMR,0.0,40.83000183105469,0.0,83116.16
2025-11-04,AAPL,0.0,269.2781982421875,0.0,81305.72
2025-11-04,GOOGL,293.5245,276.9980163574219,81305.72,81305.72
2025-11-04,NVDA,0.0,198.43690490722656,0.0,81305.72
2025-11-04,SPY,0.0,669.691650390625,0.0,81305.72
2025-11-04,AGG,0.0,97.53296661376953,0.0,81305.72
2025-11-04,IAU,0.0,74.20999908447266,0.0,81305.72
2025-11-04,SMR,0.0,35.630001068115234,0.0,81305.72
2025-11-05,AAPL,0.0,269.3778991699219,0.0,83288.99
2025-11-05,GOOGL,293.5245,283.7547607421875,83288.99,83288.99
2025-11-05,NVDA,0.0,194.9613494873047,0.0,83288.99
2025-11-05,SPY,0.0,672.012451171875,0.0,83288.99
2025-11-05,AGG,0.0,97.2699966430664,0.0,83288.99
2025-11-05,IAU,0.0,75.05000305175781,0.0,83288.99
2025-11-05,SMR,0.0,37.90999984741211,0.0,83288.99
2025-11-06,AAPL,0.0,269.0089416503906,0.0,83417.9
2025-11-06,GOOGL,293.5245,284.1939392089844,83417.9,83417.9
2025-11-06,NVDA,0.0,187.84042358398438,0.0,83417.9
2025-11-06,SPY,0.0,664.80224609375,0.0,83417.9
2025-11-06,AGG,0.0,97.63035583496094,0.0,83417.9
2025-11-06,IAU,0.0,74.97000122070312,0.0,83417.9
2025-11-06,SMR,0.0,32.459999084472656,0.0,83417.9
2025-11-07,AAPL,0.0,267.7126159667969,0.0,81683.62
2025-11-07,GOOGL,293.5245,278.2854919433594,81683.62,81683.62
2025-11-07,NVDA,0.0,187.91033935546875,0.0,81683.62
2025-11-07,SPY,0.0,665.4567260742188,0.0,81683.62
2025-11-07,AGG,0.0,97.59140014648438,0.0,81683.62
2025-11-07,IAU,0.0,75.43000030517578,0.0,81683.62
2025-11-07,SMR,0.0,30.34000015258789,0.0,81683.62
2025-11-10,AAPL,0.0,268.9303283691406,0.0,84985.18
2025-11-10,GOOGL,293.5245,289.5334777832031,84985.18,84985.18
2025-11-10,NVDA,0.0,198.7964630126953,0.0,84985.18
2025-11-10,SPY,0.0,675.8406982421875,0.0,84985.18
2025-11-10,AGG,0.0,97.55245208740234,0.0,84985.18
2025-11-10,IAU,0.0,77.47000122070312,0.0,84985.18
2025-11-10,SMR,0.0,28.43000030517578,0.0,84985.18
2025-11-11,AAPL,0.0,274.73956298828125,0.0,85339.66
2025-11-11,GOOGL,293.5245,290.74114990234375,85339.66,85339.66
2025-11-11,NVDA,0.0,192.91395568847656,0.0,85339.66
2025-11-11,SPY,0.0,677.387939453125,0.0,85339.66
2025-11-11,AGG,0.0,97.84463500976562,0.0,85339.66
2025-11-11,IAU,0.0,77.80000305175781,0.0,85339.66
2025-11-11,SMR,0.0,26.739999771118164,0.0,85339.66
2025-11-12,AAPL,0.0,272.962890625,0.0,83992.07
2025-11-12,GOOGL,293.5245,286.15008544921875,83992.07,83992.07
2025-11-12,NVDA,0.0,193.5531463623047,0.0,83992.07
2025-11-12,SPY,0.0,677.7647705078125,0.0,83992.07
2025-11-12,AGG,0.0,97.80567169189453,0.0,83992.07
2025-11-12,IAU,0.0,79.04000091552734,0.0,83992.07
2025-11-12,SMR,0.0,25.959999084472656,0.0,83992.07
2025-11-13,AAPL,0.0,272.4438171386719,0.0,81607.46
2025-11-13,GOOGL,293.5245,278.0260009765625,81607.46,81607.46
2025-11-13,NVDA,0.0,186.62196350097656,0.0,81607.46
2025-11-13,SPY,0.0,666.5180053710938,0.0,81607.46
2025-11-13,AGG,0.0,97.51348114013672,0.0,81607.46
2025-11-13,IAU,0.0,78.41000366210938,0.0,81607.46
2025-11-13,SMR,0.0,23.149999618530273,0.0,81607.46
2025-11-14,AAPL,0.0,271.90484619140625,0.0,80974.69
2025-11-14,GOOGL,293.5245,275.8702392578125,80974.69,80974.69
2025-11-14,NVDA,0.0,189.92776489257812,0.0,80974.69
2025-11-14,SPY,0.0,666.4088134765625,0.0,80974.69
2025-11-14,AGG,0.0,97.39661407470703,0.0,80974.69
2025-11-14,IAU,0.0,76.9800033569336,0.0,80974.69
2025-11-14,SMR,0.0,22.450000762939453,0.0,80974.69
2025-11-17,AAPL,0.0,266.9639892578125,0.0,83496.98
2025-11-17,GOOGL,293.5245,284.46337890625,83496.98,83496.98
2025-11-17,NVDA,0.0,186.3623046875,0.0,83496.98
2025-11-17,SPY,0.0,660.2003173828125,0.0,83496.98
2025-11-17,AGG,0.0,97.41608428955078,0.0,83496.98
2025-11-17,IAU,0.0,76.11000061035156,0.0,83496.98
2025-11-17,SMR,0.0,21.059999465942383,0.0,83496.98
2025-11-18,GOOGL,293.5245,283.724853515625,83280.21,83280.21
2025-11-18,NVDA,0.0,181.1289825439453,0.0,83280.21
2025-11-18,SPY,0.0,654.65625,0.0,83280.21
2025-11-18,AGG,0.0,97.47451782226562,0.0,83280.21
2025-11-18,IAU,0.0,76.69000244140625,0.0,83280.21
2025-11-18,SMR,0.0,21.540000915527344,0.0,83280.21
2025-11-18,RKLB,0.0,42.779998779296875,0.0,83280.21
2025-11-19,GOOGL,293.5245,292.2381896972656,85779.08,85779.08
2025-11-19,NVDA,0.0,186.2823944091797,0.0,85779.08
2025-11-19,SPY,0.0,657.185302734375,0.0,85779.08
2025-11-19,AGG,0.0,97.47451782226562,0.0,85779.08
2025-11-19,IAU,0.0,76.77999877929688,0.0,85779.08
2025-11-19,SMR,0.0,21.1299991607666,0.0,85779.08
2025-11-19,RKLB,0.0,43.619998931884766,0.0,85779.08
2025-11-20,GOOGL,293.5245,288.884765625,84794.77,84794.77
2025-11-20,NVDA,0.0,180.40989685058594,0.0,84794.77
2025-11-20,SPY,0.0,647.1683349609375,0.0,84794.77
2025-11-20,AGG,0.0,97.59140014648438,0.0,84794.77
2025-11-20,IAU,0.0,76.77999877929688,0.0,84794.77
2025-11-20,SMR,0.0,18.700000762939453,0.0,84794.77
2025-11-20,RKLB,0.0,39.47999954223633,0.0,84794.77
2025-11-21,GOOGL,293.5245,299.0748291015625,87785.8,87785.8
2025-11-21,NVDA,0.0,178.6521453857422,0.0,87785.8
2025-11-21,SPY,0.0,653.6148681640625,0.0,87785.8
2025-11-21,AGG,0.0,97.82516479492188,0.0,87785.8
2025-11-21,IAU,0.0,76.61000061035156,0.0,87785.8
2025-11-21,SMR,0.0,18.600000381469727,0.0,87785.8
2025-11-21,RKLB,0.0,40.29999923706055,0.0,87785.8
2025-11-24,GOOGL,293.5245,317.9578552246094,93328.44,93328.44
2025-11-24,NVDA,0.0,182.31747436523438,0.0,93328.44
2025-11-24,SPY,0.0,663.2351684570312,0.0,93328.44
2025-11-24,AGG,0.0,98.01995086669922,0.0,93328.44
2025-11-24,IAU,0.0,77.83999633789062,0.0,93328.44
2025-11-24,SMR,0.0,19.940000534057617,0.0,93328.44
2025-11-24,RKLB,0.0,42.45000076293945,0.0,93328.44
2025-11-25,GOOGL,293.5245,322.8083801269531,94752.18,94752.18
2025-11-25,NVDA,0.0,177.59349060058594,0.0,94752.18
2025-11-25,SPY,0.0,669.4735107421875,0.0,94752.18
2025-11-25,AGG,0.0,98.17578125,0.0,94752.18
2025-11-25,IAU,0.0,77.83000183105469,0.0,94752.18
2025-11-25,SMR,0.0,18.729999542236328,0.0,94752.18
2025-11-25,RKLB,0.0,42.599998474121094,0.0,94752.18
2025-11-26,GOOGL,293.5245,319.3252258300781,93729.79,93729.79
2025-11-26,NVDA,0.0,180.03038024902344,0.0,93729.79
2025-11-26,SPY,0.0,674.09521484375,0.0,93729.79
2025-11-26,AGG,0.0,98.33161926269531,0.0,93729.79
2025-11-26,IAU,0.0,78.44000244140625,0.0,93729.79
2025-11-26,SMR,0.0,19.040000915527344,0.0,93729.79
2025-11-26,RKLB,0.0,41.93000030517578,0.0,93729.79
2025-11-28,GOOGL,293.5245,319.5547790527344,93797.17,93797.17
2025-11-28,NVDA,0.0,176.7745361328125,0.0,93797.17
2025-11-28,SPY,0.0,677.7747192382812,0.0,93797.17
2025-11-28,AGG,0.0,98.19526672363281,0.0,93797.17
2025-11-28,IAU,0.0,79.41000366210938,0.0,93797.17
2025-11-28,SMR,0.0,20.0,0.0,93797.17
2025-11-28,RKLB,0.0,42.13999938964844,0.0,93797.17
2025-12-01,GOOGL,293.5245,314.2751159667969,92247.46,92247.46
2025-12-01,NVDA,0.0,179.69082641601562,0.0,92247.46
2025-12-01,SPY,0.0,674.6803588867188,0.0,92247.46
2025-12-01,AGG,0.0,97.77119445800781,0.0,92247.46
2025-12-01,IAU,0.0,79.80999755859375,0.0,92247.46
2025-12-01,SMR,0.0,18.079999923706055,0.0,92247.46
2025-12-01,RKLB,0.0,40.369998931884766,0.0,92247.46
2025-12-02,GOOGL,293.5245,315.1932678222656,92516.96,92516.96
2025-12-02,NVDA,0.0,181.22885131835938,0.0,92516.96
2025-12-02,SPY,0.0,675.9299926757812,0.0,92516.96
2025-12-02,AGG,0.0,97.8982162475586,0.0,92516.96
2025-12-02,IAU,0.0,79.29000091552734,0.0,92516.96
2025-12-02,SMR,0.0,18.90999984741211,0.0,92516.96
2025-12-02,RKLB,0.0,41.900001525878906,0.0,92516.96
2025-12-03,GOOGL,293.5245,319.00579833984375,93636.03,93636.03
2025-12-03,NVDA,0.0,179.36123657226562,0.0,93636.03
2025-12-03,SPY,0.0,678.2706298828125,0.0,93636.03
2025-12-03,AGG,0.0,98.08386993408203,0.0,93636.03
2025-12-03,IAU,0.0,79.2300033569336,0.0,93636.03
2025-12-03,SMR,0.0,20.139999389648438,0.0,93636.03
2025-12-03,RKLB,0.0,44.720001220703125,0.0,93636.03
2025-12-04,GOOGL,293.5245,316.999755859375,93047.21,93047.21
2025-12-04,NVDA,0.0,183.1566162109375,0.0,93047.21
2025-12-04,SPY,0.0,678.7665405273438,0.0,93047.21
2025-12-04,AGG,0.0,97.84937286376953,0.0,93047.21
2025-12-04,IAU,0.0,79.27999877929688,0.0,93047.21
2025-12-04,SMR,0.0,22.850000381469727,0.0,93047.21
2025-12-04,RKLB,0.0,49.369998931884766,0.0,93047.21
2025-12-05,GOOGL,293.5245,320.642578125,94116.47,94116.47
2025-12-05,NVDA,0.0,182.1877899169922,0.0,94116.47
2025-12-05,SPY,0.0,680.0557861328125,0.0,94116.47
2025-12-05,AGG,0.0,97.74188232421875,0.0,94116.47
2025-12-05,IAU,0.0,79.13999938964844,0.0,94116.47
2025-12-05,SMR,0.0,21.389999389648438,0.0,94116.47
2025-12-05,RKLB,0.0,49.05500030517578,0.0,94116.47
2025-12-08,GOOGL,293.5245,313.31219482421875,91964.82,91964.82
2025-12-08,NVDA,0.0,185.323974609375,0.0,91964.82
2025-12-08,SPY,0.0,678.0127563476562,0.0,91964.82
2025-12-08,AGG,0.0,97.58554077148438,0.0,91964.82
2025-12-08,IAU,0.0,78.94999694824219,0.0,91964.82
2025-12-08,SMR,0.0,21.559999465942383,0.0,91964.82
2025-12-08,RKLB,0.0,51.560001373291016,0.0,91964.82
2025-12-09,GOOGL,293.5245,316.66778564453125,92949.77,92949.77
2025-12-09,NVDA,0.0,184.7446746826172,0.0,92949.77
2025-12-09,SPY,0.0,677.4276123046875,0.0,92949.77
2025-12-09,AGG,0.0,97.49758911132812,0.0,92949.77
2025-12-09,IAU,0.0,79.33999633789062,0.0,92949.77
2025-12-09,SMR,0.0,21.31999969482422,0.0,92949.77
2025-12-09,RKLB,0.0,53.43000030517578,0.0,92949.77
2025-12-10,GOOGL,293.5245,319.7937316894531,93867.31,93867.31
2025-12-10,NVDA,0.0,183.55612182617188,0.0,93867.31
2025-12-10,SPY,0.0,681.9203491210938,0.0,93867.31
2025-12-10,AGG,0.0,97.81027221679688,0.0,93867.31
2025-12-10,IAU,0.0,79.66999816894531,0.0,93867.31
2025-12-10,SMR,0.0,20.31999969482422,0.0,93867.31
2025-12-10,RKLB,0.0,57.52000045776367,0.0,93867.31
2025-12-11,GOOGL,293.5245,312.0238342285156,91586.66,91586.66
2025-12-11,NVDA,0.0,180.70957946777344,0.0,91586.66
2025-12-11,SPY,0.0,683.5072021484375,0.0,91586.66
2025-12-11,AGG,0.0,97.82981872558594,0.0,91586.66
2025-12-11,IAU,0.0,80.54000091552734,0.0,91586.66
2025-12-11,SMR,0.0,21.219999313354492,0.0,91586.66
2025-12-11,RKLB,0.0,63.529998779296875,0.0,91586.66
2025-12-12,GOOGL,293.5245,308.887939453125,90666.19,90666.19
2025-12-12,NVDA,0.0,174.80679321289062,0.0,90666.19
2025-12-12,SPY,0.0,676.1581420898438,0.0,90666.19
2025-12-12,AGG,0.0,97.52690124511719,0.0,90666.19
2025-12-12,IAU,0.0,80.98999786376953,0.0,90666.19
2025-12-12,SMR,0.0,18.34000015258789,0.0,90666.19
2025-12-12,RKLB,0.0,61.4900016784668,0.0,90666.19
2025-12-15,GOOGL,293.5245,307.8193054199219,90352.52,90352.52
2025-12-15,NVDA,0.0,176.0752410888672,0.0,90352.52
2025-12-15,SPY,0.0,675.1365966796875,0.0,90352.52
2025-12-15,AGG,0.0,97.62462615966797,0.0,90352.52
2025-12-15,IAU,0.0,81.08000183105469,0.0,90352.52
2025-12-15,SMR,0.0,17.40999984741211,0.0,90352.52
2025-12-15,RKLB,0.0,55.40999984741211,0.0,90352.52
2025-12-16,GOOGL,0.0,306.1714782714844,0.0,89868.85
2025-12-16,NVDA,0.0,177.50350952148438,0.0,89868.85
2025-12-16,SPY,0.0,673.2918701171875,0.0,89868.85
2025-12-16,AGG,0.0,97.81027221679688,0.0,89868.85
2025-12-16,IAU,0.0,81.08000183105469,0.0,89868.85
2025-12-16,SMR,0.0,17.1200008392334,0.0,89868.85
2025-12-16,RKLB,1619.5502,55.4900016784668,89868.85,89868.85
2025-12-17,GOOGL,0.0,296.3342590332031,0.0,87390.93
2025-12-17,NVDA,0.0,170.7317657470703,0.0,87390.93
2025-12-17,SPY,0.0,665.8832397460938,0.0,87390.93
2025-12-17,AGG,0.0,97.78096008300781,0.0,87390.93
2025-12-17,IAU,0.0,81.76000213623047,0.0,87390.93
2025-12-17,SMR,0.0,15.729999542236328,0.0,87390.93
2025-12-17,RKLB,1619.5502,53.959999084472656,87390.93,87390.93
2025-12-18,GOOGL,0.0,302.0668029785156,0.0,97043.45
2025-12-18,NVDA,0.0,173.9278564453125,0.0,97043.45
2025-12-18,SPY,0.0,670.9114990234375,0.0,97043.45
2025-12-18,AGG,0.0,98.0252456665039,0.0,97043.45
2025-12-18,IAU,0.0,81.62999725341797,0.0,97043.45
2025-12-18,SMR,0.0,15.789999961853027,0.0,97043.45
2025-12-18,RKLB,1619.5502,59.91999816894531,97043.45,97043.45
2025-12-19,GOOGL,0.0,306.7607116699219,0.0,114210.68
2025-12-19,NVDA,0.0,180.76951599121094,0.0,114210.68
2025-12-19,SPY,0.0,676.9923095703125,0.0,114210.68
2025-12-19,AGG,0.0,97.8821029663086,0.0,114210.68
2025-12-19,IAU,0.0,81.70999908447266,0.0,114210.68
2025-12-19,SMR,0.0,16.06999969482422,0.0,114210.68
2025-12-19,RKLB,1619.5502,70.5199966430664,114210.68,114210.68
2025-12-22,GOOGL,0.0,309.3772888183594,0.0,125596.13
2025-12-22,NVDA,0.0,183.4662322998047,0.0,125596.13
2025-12-22,SPY,0.0,681.2098388671875,0.0,125596.13
2025-12-22,AGG,0.0,97.84288787841797,0.0,125596.13
2025-12-22,IAU,0.0,83.58999633789062,0.0,125596.13
2025-12-22,SMR,0.0,16.43000030517578,0.0,125596.13
2025-12-22,RKLB,1619.5502,77.55000305175781,125596.13,125596.13
2025-12-23,GOOGL,0.0,313.94134521484375,0.0,124996.89
2025-12-23,NVDA,0.0,188.97950744628906,0.0,124996.89
2025-12-23,SPY,0.0,684.3233032226562,0.0,124996.89
2025-12-23,AGG,0.0,97.84288787841797,0.0,124996.89
2025-12-23,IAU,0.0,84.68000030517578,0.0,124996.89
2025-12-23,SMR,0.0,15.970000267028809,0.0,124996.89
2025-12-23,RKLB,1619.5502,77.18000030517578,124996.89,124996.89
2025-12-24,GOOGL,0.0,313.68170166015625,0.0,124996.89
2025-12-24,NVDA,0.0,188.38023376464844,0.0,124996.89
2025-12-24,SPY,0.0,686.7305297851562,0.0,124996.89
2025-12-24,AGG,0.0,98.0585708618164,0.0,124996.89
2025-12-24,IAU,0.0,84.33999633789062,0.0,124996.89
2025-12-24,SMR,0.0,16.079999923706055,0.0,124996.89
2025-12-24,RKLB,1619.5502,77.18000030517578,124996.89,124996.89
2025-12-26,GOOGL,0.0,313.1024475097656,0.0,114421.23
2025-12-26,NVDA,0.0,190.2978973388672,0.0,114421.23
2025-12-26,SPY,0.0,686.660888671875,0.0,114421.23
2025-12-26,AGG,0.0,98.07817840576172,0.0,114421.23
2025-12-26,IAU,0.0,85.33999633789062,0.0,114421.23
2025-12-26,SMR,0.0,14.850000381469727,0.0,114421.23
2025-12-26,RKLB,1619.5502,70.6500015258789,114421.23,114421.23
2025-12-29,GOOGL,0.0,313.1523742675781,0.0,113562.87
2025-12-29,NVDA,0.0,187.99070739746094,0.0,113562.87
2025-12-29,SPY,0.0,684.2138671875,0.0,113562.87
2025-12-29,AGG,0.0,98.19583892822266,0.0,113562.87
2025-12-29,IAU,0.0,81.61000061035156,0.0,113562.87
2025-12-29,SMR,0.0,14.479999542236328,0.0,113562.87
2025-12-29,RKLB,1619.5502,70.12000274658203,113562.87,113562.87
2025-12-30,GOOGL,0.0,313.4420166015625,0.0,114097.31
2025-12-30,NVDA,0.0,187.31153869628906,0.0,114097.31
2025-12-30,SPY,0.0,683.3782958984375,0.0,114097.31
2025-12-30,AGG,0.0,98.1566162109375,0.0,114097.31
2025-12-30,IAU,0.0,81.70999908447266,0.0,114097.31
2025-12-30,SMR,0.0,14.3100004196167,0.0,114097.31
2025-12-30,RKLB,1619.5502,70.44999694824219,114097.31,114097.31
2025-12-31,GOOGL,0.0,312.5931091308594,0.0,112979.83
2025-12-31,NVDA,0.0,186.27281188964844,0.0,112979.83
2025-12-31,SPY,0.0,678.3152465820312,0.0,112979.83
2025-12-31,AGG,0.0,97.92132568359375,0.0,112979.83
2025-12-31,IAU,0.0,81.16999816894531,0.0,112979.83
2025-12-31,SMR,0.0,14.170000076293945,0.0,112979.83
2025-12-31,RKLB,1619.5502,69.76000213623047,112979.83,112979.83
2026-01-02,GOOGL,0.0,314.7403259277344,0.0,123069.62
2026-01-02,NVDA,0.0,188.6199493408203,0.0,123069.62
2026-01-02,SPY,0.0,679.55859375,0.0,123069.62
2026-01-02,AGG,0.0,97.89191436767578,0.0,123069.62
2026-01-02,IAU,0.0,81.55999755859375,0.0,123069.62
2026-01-02,SMR,0.0,16.309999465942383,0.0,123069.62
2026-01-02,RKLB,1619.5502,75.98999786376953,123069.62,123069.62
2026-01-05,GOOGL,0.0,316.1285400390625,0.0,126551.65
2026-01-05,NVDA,0.0,187.89083862304688,0.0,126551.65
2026-01-05,SPY,0.0,684.0845947265625,0.0,126551.65
2026-01-05,AGG,0.0,98.07817840576172,0.0,126551.65
2026-01-05,IAU,0.0,83.70999908447266,0.0,126551.65
2026-01-05,SMR,0.0,18.780000686645508,0.0,126551.65
2026-01-05,RKLB,1619.5502,78.13999938964844,126551.65,126551.65
2026-01-06,GOOGL,0.0,313.9313659667969,0.0,139329.9
2026-01-06,NVDA,0.0,187.0119171142578,0.0,139329.9
2026-01-06,SPY,0.0,688.1529541015625,0.0,139329.9
2026-01-06,AGG,0.0,98.0585708618164,0.0,139329.9
2026-01-06,IAU,0.0,84.62000274658203,0.0,139329.9
2026-01-06,SMR,0.0,19.56999969482422,0.0,139329.9
2026-01-06,RKLB,1619.5502,86.02999877929688,139329.9,139329.9
2026-01-07,GOOGL,0.0,321.5614318847656,0.0,136171.79
2026-01-07,NVDA,0.0,188.87962341308594,0.0,136171.79
2026-01-07,SPY,0.0,685.9347534179688,0.0,136171.79
2026-01-07,AGG,0.0,98.1566162109375,0.0,136171.79
2026-01-07,IAU,0.0,83.80999755859375,0.0,136171.79
2026-01-07,SMR,0.0,19.469999313354492,0.0,136171.79
2026-01-07,RKLB,1619.5502,84.08000183105469,136171.79,136171.79
2026-01-08,GOOGL,0.0,325.0169372558594,0.0,134552.24
2026-01-08,NVDA,0.0,184.81459045410156,0.0,134552.24
2026-01-08,SPY,0.0,685.8651123046875,0.0,134552.24
2026-01-08,AGG,0.0,97.98014831542969,0.0,134552.24
2026-01-08,IAU,0.0,84.27999877929688,0.0,134552.24
2026-01-08,SMR,0.0,19.670000076293945,0.0,134552.24
2026-01-08,RKLB,1619.5502,83.08000183105469,134552.24,134552.24
2026-01-09,GOOGL,0.0,328.14288330078125,0.0,137418.83
2026-01-09,NVDA,0.0,184.63479614257812,0.0,137418.83
2026-01-09,SPY,0.0,690.4010009765625,0.0,137418.83
2026-01-09,AGG,0.0,98.19583892822266,0.0,137418.83
2026-01-09,IAU,0.0,84.88999938964844,0.0,137418.83
2026-01-09,SMR,0.0,20.510000228881836,0.0,137418.83
2026-01-09,RKLB,1619.5502,84.8499984741211,137418.83,137418.83
2026-01-12,GOOGL,0.0,331.4285583496094,0.0,142358.47
2026-01-12,NVDA,0.0,184.71470642089844,0.0,142358.47
2026-01-12,SPY,0.0,691.4852294921875,0.0,142358.47
2026-01-12,AGG,0.0,98.14682006835938,0.0,142358.47
2026-01-12,IAU,0.0,86.48999786376953,0.0,142358.47
2026-01-12,SMR,0.0,19.719999313354492,0.0,142358.47
2026-01-12,RKLB,1619.5502,87.9000015258789,142358.47,142358.47
2026-01-13,GOOGL,0.0,335.53326416015625,0.0,140220.66
2026-01-13,NVDA,0.0,185.58364868164062,0.0,140220.66
2026-01-13,SPY,0.0,690.1026000976562,0.0,140220.66
2026-01-13,AGG,0.0,98.23504638671875,0.0,140220.66
2026-01-13,IAU,0.0,86.36000061035156,0.0,140220.66
2026-01-13,SMR,0.0,19.229999542236328,0.0,140220.66
2026-01-13,RKLB,1619.5502,86.58000183105469,140220.66,140220.66
2026-01-14,GOOGL,0.0,335.4034118652344,0.0,148674.72
2026-01-14,NVDA,0.0,182.91688537597656,0.0,148674.72
2026-01-14,SPY,0.0,686.7105712890625,0.0,148674.72
2026-01-14,AGG,0.0,98.3821029663086,0.0,148674.72
2026-01-14,IAU,0.0,87.2300033569336,0.0,148674.72
2026-01-14,SMR,0.0,19.829999923706055,0.0,148674.72
2026-01-14,RKLB,1619.5502,91.80000305175781,148674.72,148674.72
2026-01-15,GOOGL,0.0,332.3473815917969,0.0,146990.38
2026-01-15,NVDA,0.0,186.8221435546875,0.0,146990.38
2026-01-15,SPY,0.0,688.5806884765625,0.0,146990.38
2026-01-15,AGG,0.0,98.25465393066406,0.0,146990.38
2026-01-15,IAU,0.0,86.70999908447266,0.0,146990.38
2026-01-15,SMR,0.0,18.899999618530273,0.0,146990.38
2026-01-15,RKLB,1619.5502,90.76000213623047,146990.38,146990.38
2026-01-16,GOOGL,0.0,329.5710144042969,0.0,155962.69
2026-01-16,NVDA,0.0,186.0031280517578,0.0,155962.69
2026-01-16,SPY,0.0,688.0037231445312,0.0,155962.69
2026-01-16,AGG,0.0,98.08799743652344,0.0,155962.69
2026-01-16,IAU,0.0,86.2699966430664,0.0,155962.69
2026-01-16,SMR,0.0,20.190000534057617,0.0,155962.69
2026-01-16,RKLB,1619.5502,96.30000305175781,155962.69,155962.69
2026-01-20,GOOGL,0.0,321.5814208984375,0.0,144399.1
2026-01-20,NVDA,0.0,177.8530731201172,0.0,144399.1
2026-01-20,SPY,0.0,673.9981689453125,0.0,144399.1
2026-01-20,AGG,0.0,97.71544647216797,0.0,144399.1
2026-01-20,IAU,0.0,89.55000305175781,0.0,144399.1
2026-01-20,SMR,0.0,19.0,0.0,144399.1
2026-01-20,RKLB,1619.5502,89.16000366210938,144399.1,144399.1
2026-01-21,GOOGL,0.0,327.953125,0.0,142228.9
2026-01-21,NVDA,0.0,183.09669494628906,0.0,142228.9
2026-01-21,SPY,0.0,681.77685546875,0.0,142228.9
2026-01-21,AGG,0.0,98.03897857666016,0.0,142228.9
2026-01-21,IAU,0.0,90.87000274658203,0.0,142228.9
2026-01-21,SMR,2043.1913,19.75,40353.03,142228.9
2026-01-21,RKLB,1160.0532,87.81999969482422,101875.87,142228.9
2026-01-22,GOOGL,0.0,330.1103210449219,0.0,144232.95
2026-01-22,NVDA,0.0,184.6148223876953,0.0,144232.95
2026-01-22,SPY,0.0,685.3379516601562,0.0,144232.95
2026-01-22,AGG,0.0,98.0585708618164,0.0,144232.95
2026-01-22,IAU,0.0,92.55999755859375,0.0,144232.95
2026-01-22,SMR,2043.1913,20.639999389648438,42171.47,144232.95
2026-01-22,RKLB,1160.0532,87.9800033569336,102061.49,144232.95
2026-01-23,GOOGL,0.0,327.5036926269531,0.0,143522.63
2026-01-23,NVDA,0.0,187.44137573242188,0.0,143522.63
2026-01-23,SPY,0.0,685.5865478515625,0.0,143522.63
2026-01-23,AGG,0.0,98.14682006835938,0.0,143522.63
2026-01-23,IAU,0.0,93.79000091552734,0.0,143522.63
2026-01-23,SMR,2043.1913,19.770000457763672,40393.89,143522.63
2026-01-23,RKLB,1160.0532,88.9000015258789,103128.73,143522.63
2026-01-26,GOOGL,0.0,332.8267822265625,0.0,130955.81
2026-01-26,NVDA,0.0,186.2428436279297,0.0,130955.81
2026-01-26,SPY,0.0,689.068115234375,0.0,130955.81
2026-01-26,AGG,0.0,98.29387664794922,0.0,130955.81
2026-01-26,IAU,0.0,95.18000030517578,0.0,130955.81
2026-01-26,SMR,2043.1913,18.399999618530273,37594.72,130955.81
2026-01-26,RKLB,1160.0532,80.4800033569336,93361.09,130955.81
2026-01-27,GOOGL,0.0,334.1150817871094,0.0,140153.9
2026-01-27,NVDA,0.0,188.29034423828125,0.0,140153.9
2026-01-27,SPY,0.0,691.8134765625,0.0,140153.9
2026-01-27,AGG,0.0,98.2252426147461,0.0,140153.9
2026-01-27,IAU,0.0,97.4800033569336,0.0,140153.9
2026-01-27,SMR,7299.6822,19.200000762939453,140153.9,140153.9
2026-01-27,RKLB,0.0,87.0,0.0,140153.9
2026-01-28,GOOGL,0.0,335.5732116699219,0.0,149497.49
2026-01-28,NVDA,0.0,191.2866973876953,0.0,149497.49
2026-01-28,SPY,0.0,691.7438354492188,0.0,149497.49
2026-01-28,AGG,0.0,98.18603515625,0.0,149497.49
2026-01-28,IAU,0.0,101.25,0.0,149497.49
2026-01-28,SMR,7299.6822,20.479999542236328,149497.49,149497.49
2026-01-28,RKLB,0.0,88.56999969482422,0.0,149497.49
2026-01-29,GOOGL,0.0,337.8102722167969,0.0,138109.99
2026-01-29,NVDA,0.0,192.27548217773438,0.0,138109.99
2026-01-29,SPY,0.0,690.3711547851562,0.0,138109.99
2026-01-29,AGG,0.0,98.18603515625,0.0,138109.99
2026-01-29,IAU,0.0,101.56999969482422,0.0,138109.99
2026-01-29,SMR,7299.6822,18.920000076293945,138109.99,138109.99
2026-01-29,RKLB,0.0,85.68000030517578,0.0,138109.99
2026-01-30,GOOGL,0.0,337.56060791015625,0.0,127598.44
2026-01-30,NVDA,0.0,190.8971710205078,0.0,127598.44
2026-01-30,SPY,0.0,688.3121337890625,0.0,127598.44
2026-01-30,AGG,0.0,98.16641235351562,0.0,127598.44
2026-01-30,IAU,0.0,91.19999694824219,0.0,127598.44
2026-01-30,SMR,7299.6822,17.479999542236328,127598.44,127598.44
2026-01-30,RKLB,0.0,80.06999969482422,0.0,127598.44
2026-02-02,GOOGL,0.0,343.24322509765625,0.0,120298.76
2026-02-02,NVDA,0.0,185.38389587402344,0.0,120298.76
2026-02-02,SPY,0.0,691.73388671875,0.0,120298.76
2026-02-02,AGG,0.0,98.05330657958984,0.0,120298.76
2026-02-02,IAU,0.0,87.56999969482422,0.0,120298.76
2026-02-02,SMR,7299.6822,16.479999542236328,120298.76,120298.76
2026-02-02,RKLB,0.0,74.1500015258789,0.0,120298.76
2026-02-03,GOOGL,384.7052,339.26837158203125,130518.31,130518.31
2026-02-03,NVDA,0.0,180.12030029296875,0.0,130518.31
2026-02-03,SPY,0.0,685.885009765625,0.0,130518.31
2026-02-03,AGG,0.0,98.06314086914062,0.0,130518.31
2026-02-03,IAU,0.0,93.02999877929688,0.0,130518.31
2026-02-03,SMR,0.0,17.8799991607666,0.0,130518.31
2026-02-03,RKLB,0.0,81.2699966430664,0.0,130518.31
2026-02-04,GOOGL,384.7052,332.6070556640625,127955.67,127955.67
2026-02-04,NVDA,0.0,173.97779846191406,0.0,127955.67
2026-02-04,SPY,0.0,682.5626831054688,0.0,127955.67
2026-02-04,AGG,0.0,98.0041275024414,0.0,127955.67
2026-02-04,IAU,0.0,92.91999816894531,0.0,127955.67
2026-02-04,SMR,0.0,16.200000762939453,0.0,127955.67
2026-02-04,RKLB,0.0,73.11000061035156,0.0,127955.67
2026-02-05,GOOGL,384.7052,330.8193664550781,127267.94,127267.94
2026-02-05,NVDA,0.0,171.6706085205078,0.0,127267.94
2026-02-05,SPY,0.0,674.0379638671875,0.0,127267.94
2026-02-05,AGG,0.0,98.42706298828125,0.0,127267.94
2026-02-05,IAU,0.0,90.52999877929688,0.0,127267.94
2026-02-05,SMR,0.0,14.84000015258789,0.0,127267.94
2026-02-05,RKLB,0.0,66.31999969482422,0.0,127267.94
2026-02-06,GOOGL,384.7052,322.4402770996094,124044.46,124044.46
2026-02-06,NVDA,0.0,185.1841278076172,0.0,124044.46
2026-02-06,SPY,0.0,686.96923828125,0.0,124044.46
2026-02-06,AGG,0.0,98.48607635498047,0.0,124044.46
2026-02-06,IAU,0.0,93.23999786376953,0.0,124044.46
2026-02-06,SMR,0.0,17.530000686645508,0.0,124044.46
2026-02-06,RKLB,0.0,72.31999969482422,0.0,124044.46
2026-02-09,GOOGL,384.7052,323.8984069824219,124605.41,124605.41
2026-02-09,NVDA,0.0,189.80848693847656,0.0,124605.41
2026-02-09,SPY,0.0,690.2816162109375,0.0,124605.41
2026-02-09,AGG,0.0,98.51559448242188,0.0,124605.41
2026-02-09,IAU,0.0,95.62999725341797,0.0,124605.41
2026-02-09,SMR,0.0,17.68000030517578,0.0,124605.41
2026-02-09,RKLB,0.0,75.83999633789062,0.0,124605.41
2026-02-10,GOOGL,0.0,318.16583251953125,0.0,122400.05
2026-02-10,NVDA,0.0,188.31031799316406,0.0,122400.05
2026-02-10,SPY,0.0,688.4613037109375,0.0,122400.05
2026-02-10,AGG,0.0,98.80083465576172,0.0,122400.05
2026-02-10,IAU,1292.3668,94.70999908447266,122400.05,122400.05
2026-02-10,SMR,0.0,16.739999771118164,0.0,122400.05
2026-02-10,RKLB,0.0,72.02999877929688,0.0,122400.05
2026-02-11,GOOGL,0.0,310.5557556152344,0.0,123757.04
2026-02-11,NVDA,0.0,189.8184814453125,0.0,123757.04
2026-02-11,SPY,0.0,688.3021850585938,0.0,123757.04
2026-02-11,AGG,0.0,98.57460021972656,0.0,123757.04
2026-02-11,IAU,1292.3668,95.76000213623047,123757.04,123757.04
2026-02-11,SMR,0.0,15.569999694824219,0.0,123757.04
2026-02-11,RKLB,0.0,69.62000274658203,0.0,123757.04
2026-02-12,GOOGL,0.0,308.5982971191406,0.0,119518.08
2026-02-12,NVDA,0.0,186.7122802734375,0.0,119518.08
2026-02-12,SPY,0.0,677.668701171875,0.0,119518.08
2026-02-12,AGG,0.0,99.0172119140625,0.0,119518.08
2026-02-12,IAU,1292.3668,92.4800033569336,119518.08,119518.08
2026-02-12,SMR,0.0,13.989999771118164,0.0,119518.08
2026-02-12,RKLB,0.0,66.01000213623047,0.0,119518.08
2026-02-13,GOOGL,0.0,305.32257080078125,0.0,122451.75
2026-02-13,NVDA,0.0,182.58731079101562,0.0,122451.75
2026-02-13,SPY,0.0,678.1461181640625,0.0,122451.75
2026-02-13,AGG,0.0,99.33196258544922,0.0,122451.75
2026-02-13,IAU,1292.3668,94.75,122451.75,122451.75
2026-02-13,SMR,0.0,14.3100004196167,0.0,122451.75
2026-02-13,RKLB,0.0,67.44000244140625,0.0,122451.75
2026-02-17,GOOGL,0.0,301.6273498535156,0.0,118665.12
2026-02-17,NVDA,0.0,184.7446746826172,0.0,118665.12
2026-02-17,SPY,0.0,679.2402954101562,0.0,118665.12
2026-02-17,AGG,0.0,99.341796875,0.0,118665.12
2026-02-17,IAU,1292.3668,91.81999969482422,118665.12,118665.12
2026-02-17,SMR,0.0,14.270000457763672,0.0,118665.12
2026-02-17,RKLB,0.0,69.88999938964844,0.0,118665.12
2026-02-18,GOOGL,0.0,302.9356689453125,0.0,121288.62
2026-02-18,NVDA,646.0079,187.75099182128906,121288.62,121288.62
2026-02-18,SPY,0.0,682.662109375,0.0,121288.62
2026-02-18,AGG,0.0,99.2041015625,0.0,121288.62
2026-02-18,IAU,0.0,93.8499984741211,0.0,121288.62
2026-02-18,SMR,0.0,14.199999809265137,0.0,121288.62
2026-02-18,RKLB,0.0,74.41999816894531,0.0,121288.62
2026-02-19,GOOGL,0.0,302.456298828125,0.0,121237.01
2026-02-19,NVDA,646.0079,187.6710968017578,121237.01,121237.01
2026-02-19,SPY,0.0,680.8616943359375,0.0,121237.01
2026-02-19,AGG,0.0,99.2237548828125,0.0,121237.01
2026-02-19,IAU,0.0,94.12000274658203,0.0,121237.01
2026-02-19,SMR,0.0,14.640000343322754,0.0,121237.01
2026-02-19,RKLB,0.0,76.58000183105469,0.0,121237.01
2026-02-20,GOOGL,0.0,314.5705261230469,0.0,122475.84
2026-02-20,NVDA,646.0079,189.58877563476562,122475.84,122475.84
2026-02-20,SPY,0.0,685.7855834960938,0.0,122475.84
2026-02-20,AGG,0.0,99.24343872070312,0.0,122475.84
2026-02-20,IAU,0.0,95.94999694824219,0.0,122475.84
2026-02-20,SMR,0.0,13.4399995803833,0.0,122475.84
2026-02-20,RKLB,0.0,70.86000061035156,0.0,122475.84
2026-02-23,GOOGL,0.0,311.0850524902344,0.0,123592.07
2026-02-23,NVDA,646.0079,191.31666564941406,123592.07,123592.07
2026-02-23,SPY,0.0,678.7827758789062,0.0,123592.07
2026-02-23,AGG,0.0,99.4401626586914,0.0,123592.07
2026-02-23,IAU,0.0,98.56999969482422,0.0,123592.07
2026-02-23,SMR,0.0,12.600000381469727,0.0,123592.07
2026-02-23,RKLB,0.0,70.20999908447266,0.0,123592.07
2026-02-24,GOOGL,0.0,310.495849609375,0.0,124430.86
2026-02-24,NVDA,310.4404,192.61508178710938,59795.49,124430.86
2026-02-24,SPY,0.0,683.7164916992188,0.0,124430.86
2026-02-24,AGG,0.0,99.43031311035156,0.0,124430.86
2026-02-24,IAU,664.9729,97.19999694824219,64635.37,124430.86
2026-02-24,SMR,0.0,13.430000305175781,0.0,124430.86
2026-02-24,RKLB,0.0,69.97000122070312,0.0,124430.86
2026-02-25,GOOGL,0.0,312.49322509765625,0.0,125118.18
2026-02-25,NVDA,310.4404,195.32176208496094,60635.76,125118.18
2026-02-25,SPY,0.0,689.4859008789062,0.0,125118.18
2026-02-25,AGG,0.0,99.38114166259766,0.0,125118.18
2026-02-25,IAU,664.9729,96.97000122070312,64482.42,125118.18
2026-02-25,SMR,0.0,13.180000305175781,0.0,125118.18
2026-02-25,RKLB,0.0,70.19999694824219,0.0,125118.18
2026-02-26,GOOGL,0.0,306.9804382324219,0.0,122355.1
2026-02-26,NVDA,310.4404,184.66476440429688,57327.39,122355.1
2026-02-26,SPY,0.0,685.6561889648438,0.0,122355.1
2026-02-26,AGG,0.0,99.53852081298828,0.0,122355.1
2026-02-26,IAU,664.9729,97.79000091552734,65027.7,122355.1
2026-02-26,SMR,0.0,13.329999923706055,0.0,122355.1
2026-02-26,RKLB,0.0,72.6500015258789,0.0,122355.1
2026-02-27,GOOGL,0.0,311.354736328125,0.0,120818.78
2026-02-27,NVDA,310.4404,176.97415161132812,54939.92,120818.78
2026-02-27,SPY,0.0,682.3637084960938,0.0,120818.78
2026-02-27,AGG,0.0,99.73523712158203,0.0,120818.78
2026-02-27,IAU,664.9729,99.06999969482422,65878.87,120818.78
2026-02-27,SMR,0.0,12.850000381469727,0.0,120818.78
2026-02-27,RKLB,0.0,69.0999984741211,0.0,120818.78
2026-03-02,GOOGL,0.0,306.12152099609375,0.0,123330.13
2026-03-02,NVDA,310.4404,182.25770568847656,56580.15,123330.13
2026-03-02,SPY,0.0,682.7516479492188,0.0,123330.13
2026-03-02,AGG,0.0,99.33662414550781,0.0,123330.13
2026-03-02,IAU,664.9729,100.37999725341797,66749.98,123330.13
2026-03-02,SMR,0.0,13.050000190734863,0.0,123330.13
2026-03-02,RKLB,0.0,70.97000122070312,0.0,123330.13
2026-03-03,GOOGL,0.0,303.1853332519531,0.0,119610.89
2026-03-03,NVDA,0.0,179.83065795898438,0.0,119610.89
2026-03-03,SPY,0.0,676.7337036132812,0.0,119610.89
2026-03-03,AGG,0.0,99.22808837890625,0.0,119610.89
2026-03-03,IAU,1246.986,95.91999816894531,119610.89,119610.89
2026-03-03,SMR,0.0,12.529999732971191,0.0,119610.89
2026-03-03,RKLB,0.0,70.12999725341797,0.0,119610.89
2026-03-04,GOOGL,0.0,302.7359619140625,0.0,120521.2
2026-03-04,NVDA,0.0,182.8170166015625,0.0,120521.2
2026-03-04,SPY,0.0,681.50830078125,0.0,120521.2
2026-03-04,AGG,0.0,99.18862915039062,0.0,120521.2
2026-03-04,IAU,1246.986,96.6500015258789,120521.2,120521.2
2026-03-04,SMR,0.0,12.539999961853027,0.0,120521.2
2026-03-04,RKLB,0.0,71.91000366210938,0.0,120521.2
2026-03-05,GOOGL,0.0,300.4888610839844,0.0,119112.1
2026-03-05,NVDA,0.0,183.1166534423828,0.0,119112.1
2026-03-05,SPY,0.0,677.7084350585938,0.0,119112.1
2026-03-05,AGG,0.0,98.90249633789062,0.0,119112.1
2026-03-05,IAU,1246.986,95.5199966430664,119112.1,119112.1
2026-03-05,SMR,0.0,12.180000305175781,0.0,119112.1
2026-03-05,RKLB,0.0,70.0,0.0,119112.1
2026-03-06,GOOGL,0.0,298.1319274902344,0.0,120932.71
2026-03-06,NVDA,0.0,177.60337829589844,0.0,120932.71
2026-03-06,SPY,0.0,668.8256225585938,0.0,120932.71
2026-03-06,AGG,0.0,98.78409576416016,0.0,120932.71
2026-03-06,IAU,1246.986,96.9800033569336,120932.71,120932.71
2026-03-06,SMR,0.0,11.670000076293945,0.0,120932.71
2026-03-06,RKLB,0.0,70.11000061035156,0.0,120932.71
2026-03-09,GOOGL,0.0,306.1770935058594,0.0,120683.3
2026-03-09,NVDA,0.0,182.427490234375,0.0,120683.3
2026-03-09,SPY,0.0,674.6845092773438,0.0,120683.3
2026-03-09,AGG,0.0,99.0998306274414,0.0,120683.3
2026-03-09,IAU,1246.986,96.77999877929688,120683.3,120683.3
2026-03-09,SMR,0.0,12.15999984741211,0.0,120683.3
2026-03-09,RKLB,0.0,71.4800033569336,0.0,120683.3
2026-03-10,GOOGL,0.0,306.8567199707031,0.0,122017.58
2026-03-10,NVDA,0.0,184.544921875,0.0,122017.58
2026-03-10,SPY,0.0,673.6002807617188,0.0,122017.58
2026-03-10,AGG,317.3923,98.77423095703125,31350.18,122017.58
2026-03-10,IAU,926.5958,97.8499984741211,90667.4,122017.58
2026-03-10,SMR,0.0,12.029999732971191,0.0,122017.58
2026-03-10,RKLB,0.0,68.93000030517578,0.0,122017.58
2026-03-11,GOOGL,0.0,308.5157470703125,0.0,121598.68
2026-03-11,NVDA,0.0,185.8134307861328,0.0,121598.68
2026-03-11,SPY,0.0,672.7548217773438,0.0,121598.68
2026-03-11,AGG,317.3923,98.33023071289062,31209.26,121598.68
2026-03-11,IAU,926.5958,97.55000305175781,90389.42,121598.68
2026-03-11,SMR,0.0,12.380000114440918,0.0,121598.68
2026-03-11,RKLB,0.0,71.95999908447266,0.0,121598.68
2026-03-12,GOOGL,0.0,303.3687744140625,0.0,119722.28
2026-03-12,NVDA,0.0,182.9268035888672,0.0,119722.28
2026-03-12,SPY,0.0,662.5390625,0.0,119722.28
2026-03-12,AGG,317.3923,97.96517181396484,31093.39,119722.28
2026-03-12,IAU,926.5958,95.6500015258789,88628.89,119722.28
2026-03-12,SMR,0.0,11.760000228881836,0.0,119722.28
2026-03-12,RKLB,0.0,68.37000274658203,0.0,119722.28
2026-03-13,GOOGL,0.0,302.09954833984375,0.0,118520.44
2026-03-13,NVDA,0.0,180.0401611328125,0.0,118520.44
2026-03-13,SPY,0.0,658.7890014648438,0.0,118520.44
2026-03-13,AGG,317.3923,97.88623046875,31068.33,118520.44
2026-03-13,IAU,926.5958,94.37999725341797,87452.11,118520.44
2026-03-13,SMR,0.0,11.800000190734863,0.0,118520.44
2026-03-13,RKLB,0.0,68.41000366210938,0.0,118520.44
2026-03-16,GOOGL,0.0,305.3775939941406,0.0,118596.25
2026-03-16,NVDA,0.0,183.0067138671875,0.0,118596.25
2026-03-16,SPY,0.0,665.493408203125,0.0,118596.25
2026-03-16,AGG,317.3923,98.27102661132812,31190.46,118596.25
2026-03-16,IAU,926.5958,94.33000183105469,87405.79,118596.25
2026-03-16,SMR,0.0,11.970000267028809,0.0,118596.25
2026-03-16,RKLB,0.0,71.30999755859375,0.0,118596.25
2026-03-17,GOOGL,0.0,310.7344055175781,0.0,118417.96
2026-03-17,NVDA,0.0,181.71820068359375,0.0,118417.96
2026-03-17,SPY,0.0,667.2440185546875,0.0,118417.96
2026-03-17,AGG,0.0,98.4683609008789,0.0,118417.96
2026-03-17,IAU,1258.8282,94.06999969482422,118417.96,118417.96
2026-03-17,SMR,0.0,12.4399995803833,0.0,118417.96
2026-03-17,RKLB,0.0,78.58999633789062,0.0,118417.96
2026-03-18,GOOGL,0.0,307.5063171386719,0.0,114704.43
2026-03-18,NVDA,0.0,180.1899871826172,0.0,114704.43
2026-03-18,SPY,0.0,657.9335327148438,0.0,114704.43
2026-03-18,AGG,0.0,98.05397033691406,0.0,114704.43
2026-03-18,IAU,1258.8282,91.12000274658203,114704.43,114704.43
2026-03-18,SMR,0.0,12.029999732971191,0.0,114704.43
2026-03-18,RKLB,0.0,69.4800033569336,0.0,114704.43
2026-03-19,GOOGL,0.0,306.9466552734375,0.0,109983.82
2026-03-19,NVDA,0.0,178.3521270751953,0.0,109983.82
2026-03-19,SPY,0.0,656.3121337890625,0.0,109983.82
2026-03-19,AGG,0.0,98.16250610351562,0.0,109983.82
2026-03-19,IAU,1258.8282,87.37000274658203,109983.82,109983.82
2026-03-19,SMR,0.0,11.989999771118164,0.0,109983.82
2026-03-19,RKLB,0.0,71.93000030517578,0.0,109983.82
2026-03-20,GOOGL,0.0,300.8203125,0.0,106622.74
2026-03-20,NVDA,0.0,172.4989471435547,0.0,106622.74
2026-03-20,SPY,0.0,646.9034423828125,0.0,106622.74
2026-03-20,AGG,0.0,97.34358215332031,0.0,106622.74
2026-03-20,IAU,1258.8282,84.69999694824219,106622.74,106622.74
2026-03-20,SMR,0.0,11.4399995803833,0.0,106622.74
2026-03-20,RKLB,0.0,67.2300033569336,0.0,106622.74
2026-03-23,GOOGL,0.0,301.87969970703125,0.0,104205.79
2026-03-23,NVDA,0.0,175.43553161621094,0.0,104205.79
2026-03-23,SPY,0.0,653.6959228515625,0.0,104205.79
2026-03-23,AGG,0.0,97.70863342285156,0.0,104205.79
2026-03-23,IAU,1258.8282,82.77999877929688,104205.79,104205.79
2026-03-23,SMR,0.0,11.699999809265137,0.0,104205.79
2026-03-23,RKLB,0.0,68.0,0.0,104205.79
2026-03-24,GOOGL,0.0,290.2666320800781,0.0,104180.62
2026-03-24,NVDA,0.0,174.99603271484375,0.0,104180.62
2026-03-24,SPY,0.0,651.5015869140625,0.0,104180.62
2026-03-24,AGG,1069.1526,97.4422378540039,104180.62,104180.62
2026-03-24,IAU,0.0,82.76000213623047,0.0,104180.62
2026-03-24,SMR,0.0,11.430000305175781,0.0,104180.62
2026-03-24,RKLB,0.0,66.06999969482422,0.0,104180.62
2026-03-25,GOOGL,0.0,290.7563171386719,0.0,104549.84
2026-03-25,NVDA,0.0,178.47198486328125,0.0,104549.84
2026-03-25,SPY,0.0,655.1322021484375,0.0,104549.84
2026-03-25,AGG,1069.1526,97.7875747680664,104549.84,104549.84
2026-03-25,IAU,0.0,85.2699966430664,0.0,104549.84
2026-03-25,SMR,0.0,11.6899995803833,0.0,104549.84
2026-03-25,RKLB,0.0,72.87999725341797,0.0,104549.84
2026-03-26,GOOGL,0.0,280.7523193359375,0.0,103959.1
2026-03-26,NVDA,0.0,171.04066467285156,0.0,103959.1
2026-03-26,SPY,0.0,643.432373046875,0.0,103959.1
2026-03-26,AGG,1069.1526,97.23504638671875,103959.1,103959.1
2026-03-26,IAU,0.0,82.08999633789062,0.0,103959.1
2026-03-26,SMR,0.0,10.989999771118164,0.0,103959.1
2026-03-26,RKLB,0.0,65.94000244140625,0.0,103959.1
2026-03-27,GOOGL,0.0,274.1762390136719,0.0,103948.56
2026-03-27,NVDA,0.0,167.32498168945312,0.0,103948.56
2026-03-27,SPY,0.0,632.4606323242188,0.0,103948.56
2026-03-27,AGG,1069.1526,97.22518157958984,103948.56,103948.56
2026-03-27,IAU,0.0,84.94999694824219,0.0,103948.56
2026-03-27,SMR,0.0,10.300000190734863,0.0,103948.56
2026-03-27,RKLB,0.0,60.93000030517578,0.0,103948.56
2026-03-30,GOOGL,0.0,273.33673095703125,0.0,104475.99
2026-03-30,NVDA,0.0,164.97772216796875,0.0,104475.99
2026-03-30,SPY,0.0,630.3460693359375,0.0,104475.99
2026-03-30,AGG,1069.1526,97.718505859375,104475.99,104475.99
2026-03-30,IAU,0.0,84.93000030517578,0.0,104475.99
2026-03-30,SMR,0.0,10.25,0.0,104475.99
2026-03-30,RKLB,0.0,57.380001068115234,0.0,104475.99
2026-03-31,GOOGL,0.0,287.3883361816406,0.0,104718.61
2026-03-31,NVDA,0.0,174.1969757080078,0.0,104718.61
2026-03-31,SPY,0.0,648.6688842773438,0.0,104718.61
2026-03-31,AGG,1069.1526,97.94542694091797,104718.61,104718.61
2026-03-31,IAU,0.0,88.16000366210938,0.0,104718.61
2026-03-31,SMR,0.0,10.84000015258789,0.0,104718.61
2026-03-31,RKLB,0.0,64.22000122070312,0.0,104718.61
2026-04-01,GOOGL,0.0,297.2124938964844,0.0,104789.53
2026-04-01,NVDA,0.0,175.54541015625,0.0,104789.53
2026-04-01,SPY,0.0,653.5562744140625,0.0,104789.53
2026-04-01,AGG,1069.1526,98.01176452636719,104789.53,104789.53
2026-04-01,IAU,0.0,89.68000030517578,0.0,104789.53
2026-04-01,SMR,0.0,10.260000228881836,0.0,104789.53
2026-04-01,RKLB,0.0,65.5199966430664,0.0,104789.53
2026-04-02,GOOGL,0.0,295.59344482421875,0.0,105032.99
2026-04-02,NVDA,0.0,177.18348693847656,0.0,105032.99
2026-04-02,SPY,0.0,654.144775390625,0.0,105032.99
2026-04-02,AGG,1069.1526,98.23947143554688,105032.99,105032.99
2026-04-02,IAU,0.0,87.94000244140625,0.0,105032.99
2026-04-02,SMR,0.0,10.149999618530273,0.0,105032.99
2026-04-02,RKLB,0.0,67.7300033569336,0.0,105032.99
2026-04-06,GOOGL,0.0,299.8109130859375,0.0,104842.45
2026-04-06,NVDA,0.0,177.43319702148438,0.0,104842.45
2026-04-06,SPY,0.0,657.23681640625,0.0,104842.45
2026-04-06,AGG,1069.1526,98.06126403808594,104842.45,104842.45
2026-04-06,IAU,0.0,87.61000061035156,0.0,104842.45
2026-04-06,SMR,0.0,10.170000076293945,0.0,104842.45
2026-04-06,RKLB,0.0,67.66999816894531,0.0,104842.45
2026-04-07,GOOGL,0.0,305.27764892578125,0.0,104969.48
2026-04-07,NVDA,0.0,177.89266967773438,0.0,104969.48
2026-04-07,SPY,0.0,657.5260009765625,0.0,104969.48
2026-04-07,AGG,1069.1526,98.18006896972656,104969.48,104969.48
2026-04-07,IAU,0.0,88.45999908447266,0.0,104969.48
2026-04-07,SMR,0.0,9.15999984741211,0.0,104969.48
2026-04-07,RKLB,0.0,66.31999969482422,0.0,104969.48
2026-04-08,GOOGL,0.0,317.1305847167969,0.0,105244.68
2026-04-08,NVDA,0.0,181.8680419921875,0.0,105244.68
2026-04-08,SPY,0.0,674.27294921875,0.0,105244.68
2026-04-08,AGG,1069.1526,98.4374771118164,105244.68,105244.68
2026-04-08,IAU,0.0,89.04000091552734,0.0,105244.68
2026-04-08,SMR,0.0,9.859999656677246,0.0,105244.68
2026-04-08,RKLB,0.0,69.08000183105469,0.0,105244.68
2026-04-09,GOOGL,0.0,318.29986572265625,0.0,105308.19
2026-04-09,NVDA,0.0,183.69590759277344,0.0,105308.19
2026-04-09,SPY,0.0,678.162841796875,0.0,105308.19
2026-04-09,AGG,1069.1526,98.49687957763672,105308.19,105308.19
2026-04-09,IAU,0.0,89.72000122070312,0.0,105308.19
2026-04-09,SMR,0.0,9.300000190734863,0.0,105308.19
2026-04-09,RKLB,0.0,66.73999786376953,0.0,105308.19
2026-04-10,GOOGL,0.0,317.0506286621094,0.0,105128.25
2026-04-10,NVDA,0.0,188.41041564941406,0.0,105128.25
2026-04-10,SPY,0.0,677.7140502929688,0.0,105128.25
2026-04-10,AGG,1069.1526,98.32857513427734,105128.25,105128.25
2026-04-10,IAU,0.0,89.55999755859375,0.0,105128.25
2026-04-10,SMR,0.0,9.210000038146973,0.0,105128.25
2026-04-10,RKLB,0.0,68.05000305175781,0.0,105128.25
2026-04-13,GOOGL,0.0,321.1181945800781,0.0,105339.94
2026-04-13,NVDA,0.0,189.08961486816406,0.0,105339.94
2026-04-13,SPY,0.0,684.3369750976562,0.0,105339.94
2026-04-13,AGG,1069.1526,98.52657318115234,105339.94,105339.94
2026-04-13,IAU,0.0,89.20999908447266,0.0,105339.94
2026-04-13,SMR,0.0,9.579999923706055,0.0,105339.94
2026-04-13,RKLB,0.0,70.62000274658203,0.0,105339.94
2026-04-14,GOOGL,317.4378,332.7112731933594,105615.15,105615.15
2026-04-14,NVDA,0.0,196.28123474121094,0.0,105615.15
2026-04-14,SPY,0.0,692.675537109375,0.0,105615.15
2026-04-14,AGG,0.0,98.78398132324219,0.0,105615.15
2026-04-14,IAU,0.0,91.18000030517578,0.0,105615.15
2026-04-14,SMR,0.0,10.25,0.0,105615.15
2026-04-14,RKLB,0.0,72.22000122070312,0.0,105615.15
2026-04-15,GOOGL,317.4378,336.91876220703125,106950.77,106950.77
2026-04-15,NVDA,0.0,198.63848876953125,0.0,106950.77
2026-04-15,SPY,0.0,698.1414184570312,0.0,106950.77
2026-04-15,AGG,0.0,98.62557983398438,0.0,106950.77
2026-04-15,IAU,0.0,90.23999786376953,0.0,106950.77
2026-04-15,SMR,0.0,11.710000038146973,0.0,106950.77
2026-04-15,RKLB,0.0,73.5999984741211,0.0,106950.77
2026-04-16,GOOGL,317.4378,335.81939697265625,106601.79,106601.79
2026-04-16,NVDA,0.0,198.1190948486328,0.0,106601.79
2026-04-16,SPY,0.0,699.8569946289062,0.0,106601.79
2026-04-16,AGG,0.0,98.48697662353516,0.0,106601.79
2026-04-16,IAU,0.0,90.16000366210938,0.0,106601.79
2026-04-16,SMR,0.0,11.40999984741211,0.0,106601.79
2026-04-16,RKLB,0.0,82.93000030517578,0.0,106601.79
2026-04-17,GOOGL,317.4378,341.4760437011719,108397.42,108397.42
2026-04-17,NVDA,0.0,201.44520568847656,0.0,108397.42
2026-04-17,SPY,0.0,708.3152465820312,0.0,108397.42
2026-04-17,AGG,0.0,98.85327911376953,0.0,108397.42
2026-04-17,IAU,0.0,91.33999633789062,0.0,108397.42
2026-04-17,SMR,0.0,12.649999618530273,0.0,108397.42
2026-04-17,RKLB,0.0,84.80000305175781,0.0,108397.42
2026-04-20,GOOGL,317.4378,337.2185974121094,107045.95,107045.95
2026-04-20,NVDA,0.0,201.82476806640625,0.0,107045.95
2026-04-20,SPY,0.0,706.8988037109375,0.0,107045.95
2026-04-20,AGG,0.0,98.8433837890625,0.0,107045.95
2026-04-20,IAU,0.0,90.56999969482422,0.0,107045.95
2026-04-20,SMR,0.0,12.789999961853027,0.0,107045.95
2026-04-20,RKLB,0.0,89.45999908447266,0.0,107045.95
2026-04-21,GOOGL,0.0,332.0916442871094,0.0,105418.46
2026-04-21,NVDA,0.0,199.64732360839844,0.0,105418.46
2026-04-21,SPY,0.0,702.2708129882812,0.0,105418.46
2026-04-21,AGG,0.0,98.47708129882812,0.0,105418.46
2026-04-21,IAU,0.0,88.04000091552734,0.0,105418.46
2026-04-21,SMR,0.0,11.670000076293945,0.0,105418.46
2026-04-21,RKLB,1216.7412,86.63999938964844,105418.46,105418.46
2026-04-22,GOOGL,0.0,339.1174621582031,0.0,109555.38
2026-04-22,NVDA,0.0,202.26426696777344,0.0,109555.38
2026-04-22,SPY,0.0,709.3825073242188,0.0,109555.38
2026-04-22,AGG,0.0,98.61568450927734,0.0,109555.38
2026-04-22,IAU,0.0,89.19000244140625,0.0,109555.38
2026-04-22,SMR,0.0,13.569999694824219,0.0,109555.38
2026-04-22,RKLB,1216.7412,90.04000091552734,109555.38,109555.38
2026-04-23,GOOGL,0.0,338.6877136230469,0.0,102936.3
2026-04-23,NVDA,0.0,199.4075927734375,0.0,102936.3
2026-04-23,SPY,0.0,706.6295776367188,0.0,102936.3
2026-04-23,AGG,0.0,98.45726776123047,0.0,102936.3
2026-04-23,IAU,0.0,88.33999633789062,0.0,102936.3
2026-04-23,SMR,0.0,12.720000267028809,0.0,102936.3
2026-04-23,RKLB,1216.7412,84.5999984741211,102936.3,102936.3
2026-04-24,GOOGL,0.0,344.19439697265625,0.0,96949.94
2026-04-24,NVDA,0.0,208.0275421142578,0.0,96949.94
2026-04-24,SPY,0.0,712.10546875,0.0,96949.94
2026-04-24,AGG,0.0,98.59587097167969,0.0,96949.94
2026-04-24,IAU,0.0,88.75,0.0,96949.94
2026-04-24,SMR,0.0,11.960000038146973,0.0,96949.94
2026-04-24,RKLB,1216.7412,79.68000030517578,96949.94,96949.94
2026-04-27,GOOGL,0.0,350.130859375,0.0,100125.63
2026-04-27,NVDA,0.0,216.3578338623047,0.0,100125.63
2026-04-27,SPY,0.0,713.332275390625,0.0,100125.63
2026-04-27,AGG,0.0,98.44738006591797,0.0,100125.63
2026-04-27,IAU,0.0,88.06999969482422,0.0,100125.63
2026-04-27,SMR,0.0,12.649999618530273,0.0,100125.63
2026-04-27,RKLB,1216.7412,82.29000091552734,100125.63,100125.63
2026-04-28,GOOGL,0.0,349.5711975097656,0.0,95623.69
2026-04-28,NVDA,0.0,212.92184448242188,0.0,95623.69
2026-04-28,SPY,0.0,709.8612060546875,0.0,95623.69
2026-04-28,AGG,0.0,98.40777587890625,0.0,95623.69
2026-04-28,IAU,0.0,86.45999908447266,0.0,95623.69
2026-04-28,SMR,0.0,11.819999694824219,0.0,95623.69
2026-04-28,RKLB,1216.7412,78.58999633789062,95623.69,95623.69
2026-04-29,GOOGL,0.0,349.7311096191406,0.0,93713.4
2026-04-29,NVDA,0.0,209.00640869140625,0.0,93713.4
2026-04-29,SPY,0.0,709.7515258789062,0.0,93713.4
2026-04-29,AGG,0.0,97.97216033935547,0.0,93713.4
2026-04-29,IAU,0.0,85.55000305175781,0.0,93713.4
2026-04-29,SMR,0.0,11.319999694824219,0.0,93713.4
2026-04-29,RKLB,1216.7412,77.0199966430664,93713.4,93713.4
2026-04-30,GOOGL,0.0,384.5702819824219,0.0,100393.32
2026-04-30,NVDA,0.0,199.33767700195312,0.0,100393.32
2026-04-30,SPY,0.0,716.8132934570312,0.0,100393.32
2026-04-30,AGG,0.0,98.11076354980469,0.0,100393.32
2026-04-30,IAU,0.0,86.8499984741211,0.0,100393.32
2026-04-30,SMR,0.0,12.460000038146973,0.0,100393.32
2026-04-30,RKLB,1216.7412,82.51000213623047,100393.32,100393.32
2026-05-01,GOOGL,0.0,385.45977783203125,0.0,95891.37
2026-05-01,NVDA,0.0,198.21897888183594,0.0,95891.37
2026-05-01,SPY,0.0,718.7982177734375,0.0,95891.37
2026-05-01,AGG,0.0,98.23990631103516,0.0,95891.37
2026-05-01,IAU,0.0,86.72000122070312,0.0,95891.37
2026-05-01,SMR,0.0,12.140000343322754,0.0,95891.37
2026-05-01,RKLB,1216.7412,78.80999755859375,95891.37,95891.37
